source_FIPS_0,source_facility_0,destination_FIPS_0,destination_facility_0,flow_kg_0,source_0,destination_0,emission_0,emission_total
46039,0,46029,0,253643820.73475167,46039,46029,6195927593.5671215,6195927593.5671215
8087,0,8123,0,52349855.46525959,8087,8123,585420340.9038416,585420340.9038416
31159,0,31081,0,90944511.4058517,31159,31081,1198758677.7234633,1198758677.7234633
31159,0,31185,0,377670122.8730765,31159,31185,4937411026.958265,4937411026.958265
46085,0,46003,0,50093746.28842499,46085,46003,2118755036.1947186,2118755036.1947186
19027,0,19027,0,112506385.71969576,19027,19027,1113802253.865142,1113802253.865142
19027,0,19047,0,92178477.48493472,19027,19047,919500597.8001577,919500597.8001577
19027,0,19073,0,471662263.90897185,19027,19073,4703328244.358654,4703328244.358654
18047,0,47105,0,48285246.02078716,18047,47105,680949270.047118,680949270.047118
19063,0,19147,0,4008903.029075734,19063,19147,43566849.360995844,43566849.360995844
19063,0,27091,0,114207988.55277856,19063,27091,1243059961.0803359,1243059961.0803359
19063,0,19059,0,268289187.91364115,19063,19059,2910358964.93865,2910358964.93865
17147,0,17115,0,623796624.5291666,17147,17115,5004554456.689211,5004554456.689211
26045,0,26025,0,196773423.95010027,26045,26025,2468260698.0267305,2468260698.0267305
38047,0,38055,0,54033583.00151181,38047,38055,2099802522.8483758,2099802522.8483758
39137,0,39003,0,319639410.51430494,39137,39003,3731951551.6387906,3731951551.6387906
55017,0,55017,0,253065693.25300935,55017,55017,2490814568.1487923,2490814568.1487923
46125,0,46125,0,377823477.1647625,46125,46125,5357620567.64888,5357620567.64888
19101,0,48117,0,111180455.51992916,19101,48117,1942343658.8718152,1942343658.8718152
19197,0,19197,0,43367908.77228997,19197,19197,396075057.30562717,396075057.30562717
19197,0,19169,0,6099275.875753453,19197,19169,56886044.90006778,56886044.90006778
19197,0,19187,0,240829776.18848664,19197,19187,2227914403.2037754,2227914403.2037754
19197,0,19079,0,202757540.82391703,19197,19079,1868801876.6423385,1868801876.6423385
31143,0,31121,0,338254261.1812169,31143,31121,4280387820.1261597,4280387820.1261597
18119,0,18027,0,39148726.50167165,18119,18027,572477736.3512354,572477736.3512354
27043,0,27043,0,484782918.1,27043,27043,4138869997.9472733,4138869997.9472733
27043,0,27091,0,233748968.08956987,27043,27091,2010777345.4693491,2010777345.4693491
46051,0,46051,0,113551990.08184658,46051,46051,1671427373.4056807,1671427373.4056807
46051,0,27151,0,48589046.04079747,46051,27151,723315955.546109,723315955.546109
8039,0,8005,0,1051970.990039656,8039,8005,41664504.1218598,41664504.1218598
31019,0,31019,0,167831466.77579173,31019,31019,2776542944.0753627,2776542944.0753627
31019,0,31047,0,237066197.34174892,31019,31047,3958724401.4756947,3958724401.4756947
31019,0,6039,0,61800565.58050133,31019,6039,1378593307.334289,1378593307.334289
46115,0,46115,0,92478220.90822116,46115,46115,1541111926.6713293,1541111926.6713293
46115,0,46013,0,614791255.2736689,46115,46013,10348558811.580898,10348558811.580898
19123,0,19135,0,376135793.7903189,19123,19135,3924769245.8349195,3924769245.8349195
13201,0,13205,0,41368620.83818334,13201,13205,395624036.90777963,395624036.90777963
18055,0,18027,0,162015463.13181818,18055,18027,2003200725.3063922,2003200725.3063922
31003,0,31011,0,817345547.5075608,31003,31011,14681199801.621435,14681199801.621435
55073,0,55139,0,168039557.28305367,55073,55139,2145904978.6012537,2145904978.6012537
8121,0,4013,0,47672258.373402834,8121,4013,1087934696.5635428,1087934696.5635428
18041,0,47105,0,171055226.7831037,18041,47105,2556541035.183219,2556541035.183219
20115,0,20173,0,117174806.13569108,20115,20173,2518879095.6573,2518879095.6573
19047,0,31177,0,192674953.0498223,19047,31177,2163553336.706922,2163553336.706922
19047,0,8123,0,163706494.17322215,19047,8123,2160579582.0752525,2160579582.0752525
31109,0,31081,0,14619113.649385916,31109,31081,249374372.71433538,249374372.71433538
38045,0,38093,0,465042182.3178365,38045,38093,5783477061.728137,5783477061.728137
20061,0,20175,0,53685148.67134063,20061,20175,1317987438.473898,1317987438.473898
26017,0,26157,0,177588435.06633437,26017,26157,1817472818.4145575,1817472818.4145575
19015,0,19073,0,758232011.6046894,19015,19073,7423142553.798428,7423142553.798428
19091,0,19187,0,555652184.0983118,19091,19187,5890000077.669785,5890000077.669785
29075,0,29021,0,56277223.01129222,29075,29021,1211241159.2735698,1211241159.2735698
31175,0,31175,0,227140253.08443695,31175,31175,3793998203.7860227,3793998203.7860227
18137,0,47105,0,220811991.3952583,18137,47105,2750306124.778007,2750306124.778007
31077,0,31175,0,87768595.11774677,31077,31175,1769110277.5421047,1769110277.5421047
26091,0,26091,0,340258507.5717802,26091,26091,3780204300.874301,3780204300.874301
18113,0,39147,0,142195022.90979508,18113,39147,1541877827.0930228,1541877827.0930228
26067,0,26015,0,258108153.27834296,26067,26015,2686683058.6020694,2686683058.6020694
26015,0,26015,0,98813996.8140873,26015,26015,1547852188.1207645,1547852188.1207645
27039,0,27039,0,613475031.2747233,27039,27039,4862140344.687137,4862140344.687137
29063,0,29021,0,88247109.52434516,29063,29021,1572452901.3286457,1572452901.3286457
31081,0,31079,0,722763884.0034411,31081,31079,9009788509.652597,9009788509.652597
46025,0,46029,0,278363460.5812715,46025,46029,5874612869.39705,5874612869.39705
46057,0,46029,0,299691885.44524354,46057,46029,4079760606.0517287,4079760606.0517287
55033,0,55017,0,82766294.2734223,55033,55017,870530597.7123035,870530597.7123035
55033,0,55033,0,122257682.49121223,55033,55033,1273127400.870247,1273127400.870247
31179,0,31141,0,316347108.34876233,31179,31141,4361752589.672616,4361752589.672616
29115,0,48117,0,54163988.54106352,29115,48117,1302043982.4099014,1302043982.4099014
46111,0,46035,0,105995937.18,46111,46035,2854435032.9802327,2854435032.9802327
19141,0,19141,0,517695274.8524226,19141,19141,5023401826.428648,5023401826.428648
19165,0,19047,0,201288473.9683701,19165,19047,1945931475.8451455,1945931475.8451455
17117,0,48001,0,432969365.899512,17117,48001,5394952564.361112,5394952564.361112
17123,0,17155,0,441417191.3560022,17123,17155,3813124583.6424265,3813124583.6424265
19187,0,19187,0,656209395.2412333,19187,19187,5633879700.125007,5633879700.125007
19003,0,19003,0,1900217.665133655,19003,19003,31063155.95505016,31063155.95505016
19003,0,20173,0,59758600.39283596,19003,20173,1048693561.7604177,1048693561.7604177
19003,0,48219,0,79124353.12269512,19003,48219,1556063313.028732,1556063313.028732
19011,0,19113,0,756217001.0521909,19011,19113,7263782481.727874,7263782481.727874
19041,0,19021,0,490765235.22372985,19041,19021,4847904602.938898,4847904602.938898
31113,0,31111,0,4492989.940304003,31113,31111,89137920.94047716,89137920.94047716
18045,0,17115,0,284270141.4180452,18045,17115,3150356950.6585093,3150356950.6585093
19095,0,19113,0,541383503.5606934,19095,19113,6145477782.968392,6145477782.968392
46043,0,46003,0,158713219.13282034,46043,46003,3682778152.992131,3682778152.992131
17017,0,47131,0,162699051.84911478,17017,47131,1817516590.8391104,1817516590.8391104
31013,0,31123,0,142854342.72321802,31013,31123,2752737466.9931283,2752737466.9931283
31013,0,8005,0,9492343.387384094,31013,8005,190712759.78609625,190712759.78609625
18161,0,47105,0,100794718.4099554,18161,47105,1464845288.3200464,1464845288.3200464
29121,0,29121,0,105587188.6,29121,29121,1809774285.0061338,1809774285.0061338
19151,0,19021,0,581472999.2776136,19151,19021,5607946535.1179085,5607946535.1179085
27105,0,19141,0,315723996.49166226,27105,19141,2976668954.024347,2976668954.024347
39069,0,39137,0,192299965.0547012,39069,39137,2756548198.0981894,2756548198.0981894
39069,0,39003,0,82197887.97402497,39069,39003,1182787020.2730954,1182787020.2730954
27085,0,27143,0,238030062.882894,27085,27143,1782518121.9710162,1782518121.9710162
39083,0,39031,0,179740386.36318627,39083,39031,2604286055.355128,2604286055.355128
31011,0,31011,0,202363784.14852187,31011,31011,3708903828.8470626,3708903828.8470626
31011,0,31121,0,379335612.95856833,31011,31121,6992051940.687847,6992051940.687847
31011,0,31141,0,65449547.13195356,31011,31141,1206538477.604601,1206538477.604601
26037,0,26025,0,10978085.78338256,26037,26025,124915844.43200599,124915844.43200599
20031,0,20003,0,36725844.1752058,20031,20003,661489055.0992409,661489055.0992409
19067,0,19067,0,708263903.7506741,19067,19067,7222599265.840805,7222599265.840805
19067,0,19037,0,2475387.345903628,19067,19037,25380757.48216236,25380757.48216236
19081,0,19197,0,620097637.7149271,19081,19197,6093661037.910758,6093661037.910758
19195,0,19033,0,353332009.5884564,19195,19033,3374516040.711224,3374516040.711224
26075,0,26025,0,216541112.01013625,26075,26025,4200783230.6278577,4200783230.6278577
27033,0,19141,0,152558687.66408613,27033,19141,1400727064.6823108,1400727064.6823108
27033,0,27033,0,343387900.4,27033,27033,3062251411.4884706,3062251411.4884706
27033,0,19143,0,29838198.495688844,27033,19143,271555829.06919765,271555829.06919765
27033,0,19149,0,25968109.828361988,27033,19149,241435306.53232452,241435306.53232452
55055,0,55055,0,257772470.5174726,55055,55055,3267926487.18933,3267926487.18933
26117,0,26015,0,52066117.00021138,26117,26015,676099840.9507552,676099840.9507552
46013,0,46013,0,148524692.36551142,46013,46013,3238436993.6325803,3238436993.6325803
46013,0,46045,0,824041287.8750273,46013,46045,18060674830.47004,18060674830.47004
46005,0,46115,0,25003243.0534888,46005,46115,532165424.43342346,532165424.43342346
46005,0,46003,0,208711889.0297694,46005,46003,4455069693.459351,4455069693.459351
46079,0,46079,0,214252291.76444703,46079,46079,3070130833.0016494,3070130833.0016494
46061,0,46125,0,207705062.24268797,46061,46125,3306139387.8832054,3306139387.8832054
46077,0,46005,0,154554798.81725723,46077,46005,2052652239.5121331,2052652239.5121331
46077,0,46079,0,6391798.721303154,46077,46079,84899567.24922097,84899567.24922097
46073,0,46003,0,186121572.7026011,46073,46003,6150602734.951659,6150602734.951659
29173,0,29007,0,31426039.532076187,29173,29007,477359847.8857481,477359847.8857481
27083,0,19167,0,73347742.3395394,27083,19167,718794754.7767273,718794754.7767273
29007,0,29195,0,207058959.5330339,29007,29195,3564143900.9612103,3564143900.9612103
55097,0,55139,0,166187868.82434615,55097,55139,2381224026.8078175,2381224026.8078175
42123,0,42033,0,500513.4443501902,42123,42033,37769586.32422741,37769586.32422741
31023,0,31141,0,405478013.7112813,31023,31141,5387773678.750228,5387773678.750228
29175,0,29033,0,201847.12260941588,29175,29033,4799309.539395434,4799309.539395434
19001,0,19029,0,317968086.1548402,19001,19029,5376681734.396973,5376681734.396973
17105,0,17053,0,64551896.87260671,17105,17053,625189052.809027,625189052.809027
17105,0,48001,0,101250817.61262764,17105,48001,1303094995.882576,1303094995.882576
39109,0,39037,0,56899315.86338498,39109,39037,640880904.7998171,640880904.7998171
39109,0,47105,0,170928758.42469677,39109,47105,2140088273.6787965,2140088273.6787965
19065,0,19065,0,304136311.19959605,19065,19065,3030722786.360299,3030722786.360299
19065,0,19037,0,359247297.6889998,19065,19037,3619335268.2258916,3619335268.2258916
19089,0,19089,0,537544734.976119,19089,19089,6096781924.774869,6096781924.774869
55053,0,55057,0,150006890.9435355,55053,55057,1563911998.2280903,1563911998.2280903
17175,0,17143,0,357426442.25993234,17175,17143,2528970982.7184453,2528970982.7184453
8115,0,8123,0,49262031.99967843,8115,8123,598720127.8528802,598720127.8528802
19161,0,19047,0,350851456.50280595,19161,19047,3302617801.4332557,3302617801.4332557
39047,0,39047,0,368307446.64214385,39047,39047,3178655847.214488,3178655847.214488
19035,0,19035,0,566353374.5474944,19035,19035,5637962682.196083,5637962682.196083
19017,0,19037,0,251886328.6085017,19017,19037,2412836180.33965,2412836180.33965
27165,0,27091,0,615179318.6545289,27165,27091,5093656663.835196,5093656663.835196
27109,0,27039,0,554527991.7222245,27109,27039,3981258733.5455294,3981258733.5455294
31049,0,6071,0,1081882.3144612173,31049,6071,25285587.68757935,25285587.68757935
19025,0,19187,0,694274175.3479233,19025,19187,6812159580.531086,6812159580.531086
36011,0,36035,0,95984818.44461463,36011,36035,1697429486.8836346,1697429486.8836346
31071,0,31175,0,5472892.374017069,31071,31175,97630719.69219844,97630719.69219844
36057,0,36035,0,28833183.857884455,36057,36035,1103940361.53145,1103940361.53145
36053,0,36035,0,26698112.366099942,36053,36035,822222873.9764808,822222873.9764808
55045,0,55045,0,200058025.8811361,55045,55045,2782013147.712906,2782013147.712906
55045,0,17177,0,57460834.76114059,55045,17177,802401318.0098784,802401318.0098784
19127,0,20173,0,144938551.11318848,19127,20173,1564868716.1937048,1564868716.1937048
17057,0,17179,0,482819740.5190329,17057,17179,4599068345.205578,4599068345.205578
26025,0,26025,0,249386275.53017983,26025,26025,3802512697.316202,3802512697.316202
29139,0,29007,0,8210557.054969159,29139,29007,145711120.51157233,145711120.51157233
20159,0,20159,0,87107814.02272625,20159,20159,1792338661.8004165,1792338661.8004165
20051,0,20167,0,16990254.021717876,20051,20167,771264618.1537255,771264618.1537255
20141,0,20167,0,3678248.1041578935,20141,20167,116342629.27314883,116342629.27314883
26049,0,26147,0,124024432.64547165,26049,26147,1428894216.107804,1428894216.107804
38041,0,38089,0,41598757.52164792,38041,38089,1277469276.7910423,1277469276.7910423
55035,0,55017,0,84734440.24311832,55035,55017,1014737495.0361532,1014737495.0361532
18003,0,18179,0,365764720.4951681,18003,18179,3919038036.335789,3919038036.335789
19031,0,19113,0,46575528.881660074,19031,19113,454139122.7153371,454139122.7153371
19031,0,19045,0,699900194.3358096,19031,19045,6850933213.237111,6850933213.237111
19087,0,19057,0,109669168.78011727,19087,19057,1123146515.694146,1123146515.694146
19087,0,20055,0,60177537.10785199,19087,20055,756682861.6009867,756682861.6009867
18067,0,18017,0,103954835.1560608,18067,18017,875395901.3190471,875395901.3190471
39091,0,39047,0,315639706.3523076,39091,39047,3401788763.8341007,3401788763.8341007
20123,0,20159,0,32893951.99203485,20123,20159,920692384.2428752,920692384.2428752
20143,0,20159,0,61659875.78513182,20143,20159,1830791302.007593,1830791302.007593
20171,0,20055,0,12023549.655236045,20171,20055,269120917.7555718,269120917.7555718
55103,0,55057,0,90438646.67264254,55103,55057,1155647308.552407,1155647308.552407
29049,0,20173,0,111759104.4400923,29049,20173,2262611638.778867,2262611638.778867
31063,0,31111,0,9093991.256384373,31063,31111,166368627.93072525,166368627.93072525
31063,0,31135,0,131287522.41151504,31063,31135,2416726348.383342,2416726348.383342
31181,0,20055,0,117206566.66004112,31181,20055,2358201857.2893996,2358201857.2893996
18131,0,18017,0,410440215.742463,18131,18017,5030315574.048754,5030315574.048754
27161,0,27161,0,603705976.0809722,27161,27161,5442632545.7544365,5442632545.7544365
20191,0,48117,0,1003805.826848551,20191,48117,24490661.130068112,24490661.130068112
31065,0,31065,0,171588062.47504675,31065,31065,3887329317.581586,3887329317.581586
31065,0,20063,0,127290153.88776872,31065,20063,2929142267.9490037,2929142267.9490037
17135,0,17119,0,180177451.64525664,17135,17119,1853306186.5281131,1853306186.5281131
20105,0,20159,0,3615128.68260269,20105,20159,139734704.7721302,139734704.7721302
31119,0,31119,0,377670122.8294081,31119,31119,6055968431.36257,6055968431.36257
31119,0,31141,0,4018151.521932962,31119,31141,64828283.86736696,64828283.86736696
46059,0,46005,0,228347750.46902055,46059,46005,5728812687.369167,5728812687.369167
46059,0,46003,0,221064403.73553643,46059,46003,5571689856.0883255,5571689856.0883255
20027,0,20167,0,21341656.840704452,20027,20167,378229862.2221365,378229862.2221365
17047,0,18129,0,43438718.709372774,17047,18129,986410020.3095716,986410020.3095716
18057,0,18135,0,190371367.6104083,18057,18135,2306143464.2190943,2306143464.2190943
19147,0,19147,0,119898483.12603538,19147,19147,1131772486.335974,1131772486.335974
31151,0,31001,0,394094611.63456494,31151,31001,6417823459.718575,6417823459.718575
18069,0,18179,0,269047108.19755477,18069,18179,2965402062.0964074,2965402062.0964074
46049,0,46045,0,358452448.2116935,46049,46045,7221618729.249148,7221618729.249148
18135,0,39037,0,320624306.6519673,18135,39037,4503243695.164027,4503243695.164027
19181,0,20003,0,143953436.8208991,19181,20003,2133782569.5637224,2133782569.5637224
20017,0,20173,0,35404599.345010646,20017,20173,556933077.7922089,556933077.7922089
48279,0,48219,0,25758135.563384596,48279,48219,296063271.4222146,296063271.4222146
18059,0,18135,0,270300849.68768597,18059,18135,3285542921.226282,3285542921.226282
26023,0,26025,0,253711055.0606895,26023,26025,3046289673.212333,3046289673.212333
17073,0,17073,0,1006090872.5426848,17073,17073,7930061550.01496,7930061550.01496
31135,0,31135,0,64075618.13605624,31135,31135,1283292200.1366763,1283292200.1366763
31135,0,8075,0,182393983.89247087,31135,8075,3716455938.096889,3716455938.096889
19073,0,19027,0,422773522.4378316,19073,19027,4448582215.371678,4448582215.371678
26057,0,26015,0,95993939.30735832,26057,26015,964645914.1937201,964645914.1937201
26057,0,26025,0,9425559.510953823,26057,26025,94735561.16054407,94735561.16054407
18097,0,18135,0,15151671.737589749,18097,18135,175275444.27585796,175275444.27585796
20151,0,20175,0,199782856.33661672,20151,20175,3554291975.800929,3554291975.800929
36037,0,36035,0,132404619.7412354,36037,36035,2146353515.869343,2146353515.869343
38021,0,38093,0,171131240.2121351,38021,38093,2939832506.7276087,2939832506.7276087
38021,0,38077,0,68747037.20216322,38021,38077,1188486452.1197572,1188486452.1197572
26155,0,26025,0,95615187.24027912,26155,26025,1137620541.5102522,1137620541.5102522
26155,0,26147,0,71606814.60933892,26155,26147,852242190.2835234,852242190.2835234
18011,0,18107,0,402685153.34145194,18011,18107,4124000772.2978454,4124000772.2978454
17155,0,17155,0,106524879.7857332,17155,17155,994031979.6772146,994031979.6772146
19103,0,19139,0,319285271.12253445,19103,19139,3622290360.01517,3622290360.01517
31167,0,31141,0,268193522.7308563,31167,31141,5697728396.313414,5697728396.313414
39175,0,39101,0,198427311.20462644,39175,39101,2048507818.6762998,2048507818.6762998
18107,0,18133,0,5136218.5146924695,18107,18133,54806412.99263985,54806412.99263985
39159,0,39047,0,66288761.44483688,39159,39047,629063906.8301075,629063906.8301075
55027,0,55055,0,315487810.10811496,55027,55055,3127323356.31033,3127323356.31033
27047,0,19195,0,510448232.1,27047,19195,4192353929.184062,4192353929.184062
27047,0,20173,0,47488860.19974147,27047,20173,483061241.74808466,483061241.74808466
27047,0,19033,0,168754508.51087666,27047,19033,1396980537.1361492,1396980537.1361492
27051,0,38017,0,502429675.92676455,27051,38017,5058657959.974354,5058657959.974354
27079,0,27013,0,78064904.87160589,27079,27013,798401364.8404773,798401364.8404773
27101,0,19143,0,98702726.80431114,27101,19143,950486015.3376262,950486015.3376262
39149,0,39037,0,217751520.3689125,39149,39037,3466076851.463542,3466076851.463542
48219,0,48219,0,8891225.8532019,48219,48219,203556835.73078692,203556835.73078692
17099,0,17155,0,1553610879.5479505,17099,17155,12346105566.860102,12346105566.860102
31073,0,31065,0,203367039.3490936,31073,31065,3180570983.4174542,3180570983.4174542
31059,0,31059,0,235185485.65260717,31059,31059,3298697346.004489,3298697346.004489
31059,0,31001,0,538121722.0148546,31059,31001,7638498674.961113,7638498674.961113
29025,0,20173,0,87163861.55829784,29025,20173,1559859350.1805902,1559859350.1805902
39171,0,26091,0,15047321.40821563,39171,26091,208448468.2919157,208448468.2919157
39171,0,18179,0,256858945.1659867,39171,18179,3582535537.3588915,3582535537.3588915
19009,0,19029,0,347282164.75209093,19009,19029,4319231658.523869,4319231658.523869
18103,0,18017,0,361055212.6267603,18103,18017,4362571567.403105,4362571567.403105
20109,0,20063,0,47032250.92983976,20109,20063,1289332696.5539932,1289332696.5539932
19079,0,19169,0,707607268.5279685,19079,19169,6256899986.053803,6256899986.053803
42019,0,42033,0,41372181.924587466,42019,42033,764510676.5895058,764510676.5895058
39071,0,39047,0,117211967.05301663,39071,39047,1491510724.821805,1491510724.821805
27141,0,38017,0,3251085.0592121473,27141,38017,41426191.2958348,41426191.2958348
55141,0,55057,0,17093991.65626501,55141,55057,191374267.86347476,191374267.86347476
18181,0,18107,0,666504423.2298682,18181,18107,6443386317.909326,6443386317.909326
31185,0,31081,0,890245976.9860606,31185,31081,11311357921.993004,11311357921.993004
55025,0,55055,0,437823949.75605816,55025,55055,4780252000.740221,4780252000.740221
55025,0,55105,0,116530383.4003245,55025,55105,1274684350.0670633,1274684350.0670633
19131,0,19131,0,609276253.7259752,19131,19131,6134628735.695081,6134628735.695081
18023,0,17115,0,314456885.72110933,18023,17115,2900327971.804696,2900327971.804696
19023,0,19187,0,15484313.899010532,19023,19187,162121208.59980208,162121208.59980208
19023,0,19023,0,315400619.3000038,19023,19023,3212723868.964222,3212723868.964222
20093,0,20055,0,13071250.585129997,20093,20055,261672088.01039773,261672088.01039773
42065,0,42033,0,28330539.083484676,42065,42033,1495249319.7462568,1495249319.7462568
20199,0,20203,0,12866026.695627116,20199,20203,264947590.57592782,264947590.57592782
46037,0,46051,0,58319040.583884194,46037,46051,1242947148.156306,1242947148.156306
46037,0,46013,0,222658116.7105351,46037,46013,4746919999.228813,4746919999.228813
27041,0,27111,0,10463079.995375242,27041,27111,114407838.9172377,114407838.9172377
47053,0,47131,0,142037640.9139421,47053,47131,1800275084.4001133,1800275084.4001133
20029,0,20167,0,114892839.59849472,20029,20167,2432766366.635723,2432766366.635723
31085,0,31087,0,86337999.30331983,31085,31087,1420640592.1898608,1420640592.1898608
31041,0,31123,0,265029390.1071388,31041,31123,4246646682.7430267,4246646682.7430267
19083,0,19083,0,27458099.539854504,19083,19083,235211256.01591116,235211256.01591116
17005,0,47131,0,83829405.10200663,17005,47131,1189141806.4220045,1189141806.4220045
48117,0,48117,0,36222184.172489405,48117,48117,437696931.08624023,437696931.08624023
19113,0,19113,0,824005108.0648055,19113,19113,8922329188.857359,8922329188.857359
31001,0,31099,0,41584035.34907381,31001,31099,674952563.1901897,674952563.1901897
31001,0,6099,0,109536799.67768966,31001,6099,2395074911.8318167,2395074911.8318167
36035,0,36035,0,1538129.779984027,36035,36035,141034626.90869144,141034626.90869144
17183,0,17115,0,1041918208.3598976,17183,17115,10072482948.520044,10072482948.520044
20053,0,20159,0,2602349.07751609,20053,20159,84112629.78275427,84112629.78275427
18159,0,18095,0,226623279.1462419,18159,18095,2137570657.961464,2137570657.961464
20179,0,20063,0,163169830.62617707,20179,20063,2763292733.6119137,2763292733.6119137
31099,0,31065,0,2715020.980157303,31099,31065,47272512.56277753,47272512.56277753
31099,0,31001,0,266841035.185364,31099,31001,4610747391.715945,4610747391.715945
31099,0,31087,0,215798098.8881035,31099,31087,3801875638.159501,3801875638.159501
31099,0,8125,0,135748886.59400705,31099,8125,2437264371.4795814,2437264371.4795814
27111,0,27111,0,545017347.0046247,27111,27111,7464638476.049983,7464638476.049983
17113,0,17053,0,1450394722.1273932,17113,17053,12815617813.630592,12815617813.630592
27133,0,19167,0,22744402.07406491,27133,19167,198749032.95801997,198749032.95801997
39037,0,39037,0,440280587.0584889,39037,39037,4559052165.414366,4559052165.414366
48381,0,48219,0,13666075.173675016,48381,48219,232851130.37937993,232851130.37937993
17203,0,17179,0,471719499.8883315,17203,17179,3873113886.784385,3873113886.784385
19021,0,19035,0,342999670.16048014,19021,19035,3322632762.0634203,3322632762.0634203
19021,0,19021,0,265961535.56903812,19021,19021,2561165655.471469,2561165655.471469
19029,0,19029,0,89194368.7806389,19029,19029,1066085538.0717008,1066085538.0717008
19029,0,19155,0,220780433.49760503,19029,19155,2668350020.9277415,2668350020.9277415
13205,0,13205,0,39148142.82775984,13205,13205,465774630.37530124,465774630.37530124
20047,0,20055,0,115114213.9538764,20047,20055,2052497651.526624,2052497651.526624
29137,0,29033,0,105385341.47739056,29137,29033,1849714705.5043185,1849714705.5043185
31133,0,48117,0,87213194.2751858,31133,48117,3127030512.7774367,3127030512.7774367
27091,0,27091,0,1064140954.4926004,27091,27091,7989134812.184201,7989134812.184201
27147,0,19033,0,569722283.2168604,27147,19033,4337698451.465295,4337698451.465295
39129,0,47163,0,17654495.080913626,39129,47163,216770534.77388397,216770534.77388397
19185,0,20173,0,265672755.41264677,19185,20173,8527812594.933456,8527812594.933456
27143,0,27143,0,798049636.7328929,27143,27143,6427814211.039497,6427814211.039497
39119,0,39031,0,43792464.125892565,39119,39031,914453053.0240662,914453053.0240662
27023,0,38017,0,94618546.3983456,27023,38017,858016031.6047446,858016031.6047446
27023,0,27083,0,334032286.24368936,27023,27083,2884048965.821148,2884048965.821148
20063,0,20063,0,6495303.232633361,20063,20063,148428032.70379028,148428032.70379028
56015,0,6107,0,5220799.215051315,56015,6107,96816412.91824806,96816412.91824806
48189,0,48219,0,9399114.960510422,48189,48219,118511940.81429282,118511940.81429282
18139,0,47105,0,353420316.7285052,18139,47105,4805710219.38087,4805710219.38087
19037,0,19067,0,679498821.2207907,19037,19067,6901648829.605476,6901648829.605476
27097,0,38017,0,203924934.33634144,27097,38017,4619319666.589676,4619319666.589676
17061,0,17119,0,410091322.87296826,17061,17119,4336442216.671109,4336442216.671109
18017,0,17115,0,195641378.6001199,18017,17115,2164900985.3458576,2164900985.3458576
46029,0,46029,0,222918955.1152716,46029,46029,4236415600.12368,4236415600.12368
36063,0,36035,0,19304855.02258799,36063,36035,303925811.8835645,303925811.8835645
46101,0,19167,0,10777745.313590258,46101,19167,129358211.9714159,129358211.9714159
46101,0,46083,0,2860550.90372243,46101,46083,34051825.409481294,34051825.409481294
48065,0,48117,0,61747615.71196084,48065,48117,756648395.6053116,756648395.6053116
20167,0,20167,0,9991947.200631484,20167,20167,327335591.27545273,327335591.27545273
20113,0,20175,0,28442163.097084623,20113,20175,628242897.8494072,628242897.8494072
20113,0,20159,0,154725222.19686842,20113,20159,3309711339.2801447,3309711339.2801447
18063,0,18133,0,197284574.53539464,18063,18133,1775947739.4862711,1775947739.4862711
46035,0,46125,0,186286814.87152305,46035,46125,3711462593.7068806,3711462593.7068806
20111,0,48117,0,30654993.954520505,20111,48117,577661969.4394796,577661969.4394796
31093,0,31079,0,191197813.2611227,31093,31079,3879251747.349282,3879251747.349282
27013,0,27161,0,717909453.6134229,27013,27161,5951649946.938053,5951649946.938053
27013,0,27091,0,23848414.795637894,27013,27091,199361142.3612892,199361142.3612892
27013,0,27013,0,47169971.803969905,27013,27013,387034030.5062059,387034030.5062059
31035,0,6107,0,66533403.41239733,31035,6107,1490881910.8464816,1490881910.8464816
20065,0,20063,0,30713549.641863476,20065,20063,521995639.19711787,521995639.19711787
31061,0,31099,0,88845223.72028607,31061,31099,1594712522.0070539,1594712522.0070539
19109,0,19187,0,20364553.56136739,19109,19187,191066962.18198606,191066962.18198606
19109,0,19109,0,1090384997.899545,19109,19109,10076418932.045895,10076418932.045895
18111,0,18073,0,134525175.1060038,18111,18073,1323979547.5791423,1323979547.5791423
20131,0,20175,0,150206069.35618287,20131,20175,3987083443.0635495,3987083443.0635495
27139,0,27013,0,12487543.22442422,27139,27013,148810413.73536783,148810413.73536783
19139,0,19139,0,392322987.4748804,19139,19139,3579349672.3721466,3579349672.3721466
41049,0,41049,0,38338779.7858722,41049,41049,356992699.02133447,356992699.02133447
19167,0,19149,0,519705338.54725266,19167,19149,4648753468.899694,4648753468.899694
20183,0,20167,0,191377890.4249311,20183,20167,5002175871.350535,5002175871.350535
20147,0,20063,0,64190001.850109085,20147,20063,1564460113.841375,1564460113.841375
18095,0,18135,0,359760673.94359595,18095,18135,4175208448.2963433,4175208448.2963433
36065,0,36035,0,118739258.73668984,36065,36035,4755347723.278508,4755347723.278508
42047,0,42033,0,2287016.808282891,42047,42033,130407805.68844774,130407805.68844774
18101,0,18129,0,8424223.762295613,18101,18129,131205859.55060911,131205859.55060911
31107,0,31139,0,92676429.54159936,31107,31139,2224001237.9724946,2224001237.9724946
36073,0,36073,0,135262559.37582135,36073,36073,1440699700.5524788,1440699700.5524788
38029,0,38055,0,284287806.72119343,38029,38055,8964990978.997356,8964990978.997356
39001,0,51191,0,17654495.07840344,39001,51191,559913210.7315445,559913210.7315445
13273,0,13205,0,65079212.86540165,13273,13205,473304460.48838496,473304460.48838496
27169,0,27039,0,144950714.00305218,27169,27039,1394033676.7220898,1394033676.7220898
18173,0,18129,0,204560411.45565897,18173,18129,3106683098.723228,3106683098.723228
31169,0,20151,0,94417530.71366832,31169,20151,1691128656.0321786,1691128656.0321786
36029,0,36035,0,7873373.092474003,36029,36035,347800703.5849319,347800703.5849319
17143,0,17179,0,600604837.460843,17143,17179,5102703820.142596,5102703820.142596
20059,0,48117,0,38231482.60257279,20059,48117,902174019.4082942,902174019.4082942
31123,0,6107,0,4550322.708575842,31123,6107,105370555.42459707,105370555.42459707
31123,0,8123,0,6976011.664517825,31123,8123,131775032.06960467,131775032.06960467
39063,0,39047,0,98005448.88371252,39063,39047,1158107281.734093,1158107281.734093
46065,0,46119,0,104973324.69689764,46065,46119,2234489109.907282,2234489109.907282
17109,0,47131,0,107518560.80074874,17109,47131,1065771457.9715095,1065771457.9715095
27131,0,27047,0,96405693.95,27131,27047,987325202.8070745,987325202.8070745
27131,0,19033,0,109704875.6395515,27131,19033,1140633574.286812,1140633574.286812
27093,0,27067,0,111202670.02932496,27093,27067,1199714183.4956853,1199714183.4956853
46087,0,46125,0,319250526.0939354,46087,46125,4289738450.790841,4289738450.790841
19075,0,19083,0,231620980.5826035,19075,19083,2096850263.219233,2096850263.219233
42121,0,42033,0,16205434.657666871,42121,42033,358897592.1911738,358897592.1911738
20181,0,20203,0,1641531.2284241172,20181,20203,28877052.663114306,28877052.663114306
17133,0,48001,0,78215117.87561439,17133,48001,1017381098.0952682,1017381098.0952682
29147,0,29021,0,360457873.8643626,29147,29021,6496137151.968128,6496137151.968128
19059,0,19059,0,326466265.6467753,19059,19059,3359249815.7594852,3359249815.7594852
31177,0,6071,0,12651576.696435863,31177,6071,203998682.35554492,203998682.35554492
27081,0,27083,0,54083398.622346856,27081,27083,605156565.2847993,605156565.2847993
17161,0,17155,0,39434838.75041519,17161,17155,316270700.5338017,316270700.5338017
17161,0,48189,0,158259709.10673553,17161,48189,1854640555.969618,1854640555.969618
31155,0,31141,0,457178487.8743918,31155,31141,6059375938.150641,6059375938.150641
26059,0,26091,0,219770020.8183372,26059,26091,3256101143.263196,3256101143.263196
55111,0,55021,0,224575132.62686703,55111,55021,2214532843.113361,2214532843.113361
55081,0,55021,0,71206835.84021516,55081,55021,737203577.4975278,737203577.4975278
55081,0,55057,0,88166012.9815489,55081,55057,893294210.9524692,893294210.9524692
18129,0,18129,0,452475514.68595034,18129,18129,6120205652.635258,6120205652.635258
27027,0,38017,0,583011748.395447,27027,38017,5880495578.106308,5880495578.106308
47183,0,47131,0,188100513.47362223,47183,47131,2710378729.45733,2710378729.45733
29183,0,17119,0,74829751.29353696,29183,17119,1078438225.1859438,1078438225.1859438
19013,0,19187,0,529466485.20079535,19013,19187,5511921433.177525,5511921433.177525
46091,0,38077,0,276505278.37318784,46091,38077,4514409258.109742,4514409258.109742
21181,0,47105,0,273949.6921119554,21181,47105,8857735.234348668,8857735.234348668
46017,0,46003,0,6538070.495232147,46017,46003,188105554.69437417,188105554.69437417
42049,0,36035,0,65174747.91788612,42049,36035,1909641859.548706,1909641859.548706
16067,0,16031,0,17052703.059450436,16067,16031,222782912.30706465,222782912.30706465
46119,0,46119,0,296671387.5642518,46119,46119,5232214868.031939,5232214868.031939
27015,0,27091,0,400651882.0045514,27015,27091,4448591992.701616,4448591992.701616
27117,0,19167,0,33635904.698517725,27117,19167,384497833.1749842,384497833.1749842
27129,0,27067,0,797765301.470675,27129,27067,6004590139.992221,6004590139.992221
39007,0,36035,0,5516642.662963044,39007,36035,81264848.37032013,81264848.37032013
46003,0,46003,0,207773243.1442098,46003,46003,6522453759.772693,6522453759.772693
17179,0,17179,0,858984273.0915052,17179,17179,7706389007.482032,7706389007.482032
39161,0,39003,0,180761039.2730635,39161,39003,2648998579.8988857,2648998579.8988857
46127,0,46125,0,180366034.26692203,46127,46125,2561765273.248886,2561765273.248886
46127,0,46083,0,14718354.317906529,46127,46083,208333910.76373467,208333910.76373467
31043,0,31043,0,108297700.8790466,31043,31043,2054580366.344197,2054580366.344197
31043,0,6077,0,19847492.51564856,31043,6077,500965398.04095626,500965398.04095626
39031,0,39031,0,89595299.31988685,39031,39031,1472233824.4615464,1472233824.4615464
38051,0,38055,0,33104078.005377736,38051,38055,809313566.8190091,809313566.8190091
55065,0,17177,0,31823323.856373068,55065,17177,359524294.3601875,359524294.3601875
20013,0,20005,0,23937470.57330968,20013,20005,355089857.9764808,355089857.9764808
13177,0,13205,0,15131055.384863175,13177,13205,136161905.29818255,136161905.29818255
19145,0,19145,0,447134181.1911971,19145,19145,5428016893.173602,5428016893.173602
19071,0,48219,0,224276292.48432723,19071,48219,3023780514.796182,3023780514.796182
19071,0,19145,0,43860870.466441035,19071,19145,456420818.2018799,456420818.2018799
21049,0,47105,0,9523007.348040365,21049,47105,429332249.8186066,429332249.8186066
20155,0,20055,0,86399486.84230405,20155,20055,1849795265.9751375,1849795265.9751375
19099,0,19029,0,732444014.1280503,19099,19029,7946767599.445085,7946767599.445085
31125,0,31121,0,158604811.05324802,31125,31121,2755285900.545754,2755285900.545754
42063,0,42033,0,81621921.08709228,42063,42033,3261894327.0653586,3261894327.0653586
17125,0,17179,0,516305864.6919468,17125,17179,5020593367.009029,5020593367.009029
18157,0,17115,0,230456266.35674796,18157,17115,2732154801.4561687,2732154801.4561687
18157,0,18107,0,237744674.07345095,18157,18107,2719852083.7077036,2719852083.7077036
20089,0,20159,0,167425989.5367634,20089,20159,3354651395.916355,3354651395.916355
19019,0,19113,0,1123256865.2233918,19019,19113,10571795322.266176,10571795322.266176
17021,0,17115,0,755622329.917614,17021,17115,6571736027.969698,6571736027.969698
31139,0,31139,0,3457783.58473734,31139,31139,53580852.508274384,53580852.508274384
31139,0,31141,0,371407169.2251048,31139,31141,5822695861.54781,5822695861.54781
19143,0,19141,0,410457724.0594488,19143,19141,4055706532.921403,4055706532.921403
29199,0,48189,0,99833332.89881907,29199,48189,2057517748.9132001,2057517748.9132001
38065,0,38055,0,26216298.66475766,38065,38055,418650684.5208621,418650684.5208621
20207,0,20003,0,42783307.75697401,20207,20003,754863940.3900509,754863940.3900509
39157,0,39031,0,6601878.117207517,39157,39031,82514712.20781824,82514712.20781824
31121,0,6099,0,47984625.416823864,31121,6099,1024262624.1353128,1024262624.1353128
18065,0,18135,0,154893757.9527881,18065,18135,1857070256.9916172,1857070256.9916172
46099,0,46125,0,431352956.0036718,46099,46125,5909145269.485126,5909145269.485126
38059,0,38089,0,9571954.808201196,38059,38089,240406755.5346023,240406755.5346023
17011,0,17155,0,1273079407.0664608,17011,17155,10662384738.254185,10662384738.254185
19119,0,19167,0,2109782.637756163,19119,19167,17888392.776759766,17888392.776759766
18179,0,18075,0,19079700.898659423,18179,18075,203812768.05493224,203812768.05493224
18085,0,18053,0,194094963.8964693,18085,18053,2332291139.092059,2332291139.092059
18085,0,18179,0,20884807.199200053,18085,18179,252158279.88176247,252158279.88176247
18085,0,18169,0,149615368.8329671,18085,18169,1785186078.40601,1785186078.40601
31183,0,31175,0,102976729.46543188,31183,31175,1902938559.5462716,1902938559.5462716
31141,0,31141,0,737094393.0945592,31141,31141,11022088179.58434,11022088179.58434
55001,0,55057,0,65312466.168800086,55001,55057,1277250905.8156402,1277250905.8156402
31131,0,48117,0,189669812.88217467,31131,48117,3601842661.2500563,3601842661.2500563
27099,0,19131,0,661881344.7506238,27099,19131,5476636439.532026,5476636439.532026
17141,0,17141,0,649482604.8688561,17141,17141,5304846345.195569,5304846345.195569
17193,0,18129,0,362902194.92310154,17193,18129,4604000625.611529,4604000625.611529
17085,0,17177,0,210792844.81879815,17085,17177,2378651583.276797,2378651583.276797
26099,0,26147,0,43403759.97597928,26099,26147,503544094.08647263,503544094.08647263
38097,0,38035,0,140453872.55003968,38097,38035,1443525511.1492999,1443525511.1492999
31129,0,20167,0,450174556.72432536,31129,20167,7637431796.305117,7637431796.305117
46027,0,46125,0,171753566.36718765,46027,46125,2461732390.1675963,2461732390.1675963
46109,0,46109,0,76145393.33531028,46109,46109,1066020256.2949667,1066020256.2949667
46109,0,38077,0,382305706.03961015,46109,38077,5402991283.699014,5402991283.699014
19105,0,19113,0,645794513.1864519,19105,19113,7232796899.631885,7232796899.631885
21125,0,47105,0,1283695.7495829398,21125,47105,29445405.73551987,29445405.73551987
46107,0,46119,0,263427493.48041943,46107,46119,4497955533.277317,4497955533.277317
53005,0,41049,0,28555684.026697826,53005,41049,261371215.3518195,261371215.3518195
31163,0,31019,0,46753830.36822885,31163,31019,782072791.7984225,782072791.7984225
39075,0,39031,0,77505188.32669581,39075,39031,946388117.1004841,946388117.1004841
38057,0,38055,0,19809576.638355713,38057,38055,572045996.9415956,572045996.9415956
36067,0,36035,0,70709125.19181173,36067,36035,1196258820.5535996,1196258820.5535996
19193,0,31177,0,796561425.0818775,19193,31177,10797657164.202608,10797657164.202608
26021,0,18141,0,87381632.2688058,26021,18141,856523069.5794449,856523069.5794449
42053,0,42033,0,6383.593658878883,42053,42033,527830.5955626834,527830.5955626834
20055,0,20055,0,4757042.689558729,20055,20055,91217139.27933797,91217139.27933797
17103,0,17143,0,618180131.8709823,17103,17143,4784593108.066327,4784593108.066327
17103,0,17179,0,57807205.34834078,17103,17179,452251674.43283325,452251674.43283325
18163,0,18129,0,100408649.27250504,18163,18129,1196167152.3617675,1196167152.3617675
46067,0,46125,0,200886127.64348716,46067,46125,3008290281.979159,3008290281.979159
13007,0,13205,0,33733006.35634575,13007,13205,270413457.79531634,270413457.79531634
31145,0,8125,0,70717399.89935216,31145,8125,1250145753.2131364,1250145753.2131364
42021,0,42033,0,26490541.619741585,42021,42033,1466475139.0903084,1466475139.0903084
18027,0,21047,0,296717508.114747,18027,21047,3506480598.8875093,3506480598.8875093
31047,0,31111,0,182801482.74544835,31047,31111,2746009212.8129816,2746009212.8129816
31047,0,6107,0,10959018.087351209,31047,6107,220971735.88481414,220971735.88481414
36013,0,36035,0,50510863.76079078,36013,36035,2395711101.8270526,2395711101.8270526
55137,0,55139,0,96801838.85808876,55137,55139,1251655392.803769,1251655392.803769
39089,0,39031,0,133890548.64960726,39089,39031,1446382042.1017163,1446382042.1017163
38073,0,38017,0,194776362.663495,38073,38017,2890675861.945475,2890675861.945475
17001,0,20055,0,40088457.310210906,17001,20055,538600845.7720656,538600845.7720656
39011,0,18135,0,17220678.290440485,39011,18135,237265325.8692261,237265325.8692261
39011,0,39037,0,237026849.51126188,39011,39037,3248335971.358388,3248335971.358388
20119,0,20175,0,300237684.34429795,20119,20175,4510867117.704766,4510867117.704766
19053,0,20173,0,78547210.22240098,19053,20173,2150315139.6930346,2150315139.6930346
38055,0,38055,0,218722079.4796867,38055,38055,4412286478.269269,4412286478.269269
46023,0,46003,0,100532899.63041076,46023,46003,2259589802.559832,2259589802.559832
46023,0,46009,0,28452765.1341358,46023,46009,638010981.0228655,638010981.0228655
19133,0,31177,0,454926633.83327866,19133,31177,5689891440.550264,5689891440.550264
18051,0,21047,0,19972712.956198227,18051,21047,228129904.23138404,228129904.23138404
18051,0,18129,0,359339422.9803697,18051,18129,4035449847.2307544,4035449847.2307544
17195,0,17143,0,387845382.8690853,17195,17143,3167769040.6370883,3167769040.6370883
17195,0,19045,0,670503991.8999647,17195,19045,5342168175.227548,5342168175.227548
55021,0,55021,0,473224464.4513701,55021,55021,4599216428.7116995,4599216428.7116995
31057,0,8125,0,62809773.15313202,31057,8125,1060226855.3917087,1060226855.3917087
39027,0,39047,0,345392929.31845534,39027,39047,4226983157.313089,4226983157.313089
19155,0,31047,0,234082341.54173657,19155,31047,2528807297.6098475,2528807297.6098475
19155,0,16031,0,261053501.00517812,19155,16031,3660798974.6426516,3660798974.6426516
27173,0,27173,0,562747882.713417,27173,27173,4895168149.713502,4895168149.713502
18183,0,18179,0,247433301.34695652,18183,18179,3456993748.677669,3456993748.677669
29087,0,48117,0,187763427.41138244,29087,48117,3091629480.397045,3091629480.397045
29087,0,20055,0,59902187.61087888,29087,20055,914022598.583711,914022598.583711
31015,0,31089,0,8267266.473937987,31015,31089,189775590.75271308,189775590.75271308
36055,0,36035,0,80023461.15243194,36055,36035,1166796802.8508244,1166796802.8508244
46011,0,46029,0,189815163.6198908,46011,46029,2952800290.799413,2952800290.799413
46011,0,46083,0,104253724.11724883,46011,46083,1631378770.0109396,1631378770.0109396
27103,0,27161,0,193331189.305605,27103,27161,1486174828.237701,1486174828.237701
27103,0,27143,0,115279731.38421312,27103,27143,874266656.6916189,874266656.6916189
19077,0,19073,0,9179585.99051085,19077,19073,113307229.47192988,113307229.47192988
19077,0,19077,0,337929234.94447964,19077,19077,4149961749.274874,4149961749.274874
26065,0,26025,0,168905452.3441887,26065,26025,2572459004.7980165,2572459004.7980165
39125,0,39137,0,35001659.12445885,39125,39137,379248671.0334346,379248671.0334346
19149,0,19035,0,670676574.9045534,19149,19035,7709794309.937584,7709794309.937584
19149,0,19167,0,17104560.17899634,19149,19167,195441587.7860977,195441587.7860977
38037,0,38089,0,83086665.83516428,38037,38089,2557952636.2281017,2557952636.2281017
27011,0,27149,0,184507437.72090483,27011,27149,1839664792.203048,1839664792.203048
29099,0,48001,0,4514384.431412888,29099,48001,97956407.31339721,97956407.31339721
31025,0,48189,0,352676900.4665657,31025,48189,6104807077.843719,6104807077.843719
46089,0,46045,0,157665186.666166,46089,46045,7473713269.213766,7473713269.213766
19045,0,19045,0,858234423.1350807,19045,19045,8463628214.972574,8463628214.972574
18001,0,18075,0,59313793.49135623,18001,18075,753965731.9439853,753965731.9439853
39095,0,39147,0,7442557.072771195,39095,39147,99642727.50276005,99642727.50276005
5145,0,48001,0,8366237.793982795,5145,48001,91958190.05756034,91958190.05756034
18015,0,18017,0,181579418.19128296,18015,18017,1632333032.4239266,1632333032.4239266
26147,0,26147,0,87555335.91749379,26147,26147,1136269795.9024851,1136269795.9024851
19111,0,48189,0,275116054.7733126,19111,48189,4449734833.678624,4449734833.678624
18169,0,18053,0,338359730.915472,18169,18053,3934688837.6895447,3934688837.6895447
19163,0,17073,0,196196177.21696505,19163,17073,1610390012.0251384,1610390012.0251384
19163,0,17155,0,267259649.5589856,19163,17155,2246585985.2348356,2246585985.2348356
55009,0,55139,0,116066239.8399942,55009,55139,1259737439.0800576,1259737439.0800576
18033,0,18179,0,99306950.63037495,18033,18179,1278977184.460284,1278977184.460284
17137,0,47131,0,493756457.5664853,17137,47131,5245987685.9156685,5245987685.9156685
19115,0,19057,0,142651326.59815648,19115,19057,1409486402.9255524,1409486402.9255524
19173,0,19145,0,321837401.455736,19173,19145,6061523891.921113,6061523891.921113
55077,0,55055,0,64783375.48508446,55077,55055,1204855207.2415366,1204855207.2415366
55077,0,55021,0,16141350.03316067,55077,55021,296766955.51503235,296766955.51503235
31021,0,31081,0,159860973.93589264,31021,31081,2473995867.5593233,2473995867.5593233
31021,0,31001,0,85021049.06767233,31021,31001,1328103540.344224,1328103540.344224
20157,0,20159,0,128302217.44665071,20157,20159,2538101151.107851,2538101151.107851
20157,0,20157,0,95749882.27714863,20157,20157,1851345336.5849037,1851345336.5849037
36043,0,36035,0,1382778.0155563662,36043,36035,116457215.34636378,116457215.34636378
20201,0,20175,0,132577168.2766064,20201,20175,3090488670.6440067,3090488670.6440067
55043,0,19061,0,214093258.1674812,55043,19061,2116710757.685102,2116710757.685102
29005,0,29087,0,201992882.6,29005,29087,2926037709.6425266,2926037709.6425266
31083,0,20063,0,151793998.9162459,31083,20063,2494479344.6088624,2494479344.6088624
19043,0,19037,0,495843231.97680485,19043,19037,5438617888.541975,5438617888.541975
55121,0,19061,0,74879445.8645651,55121,19061,890918994.0078259,890918994.0078259
26027,0,18141,0,285667972.4000801,26027,18141,2893768502.4898143,2893768502.4898143
55123,0,55057,0,78012721.5633903,55123,55057,923133238.9190695,923133238.9190695
42033,0,42033,0,10829292.313894551,42033,42033,796243808.856834,796243808.856834
39003,0,39037,0,37303964.59754043,39003,39037,412090847.69813,412090847.69813
38081,0,38077,0,362251730.42735374,38081,38077,4284452396.2951384,4284452396.2951384
20185,0,20055,0,87567773.79676224,20185,20055,1859753945.319711,1859753945.319711
8001,0,8123,0,16283825.5637994,8001,8123,354451649.9851591,354451649.9851591
39039,0,39101,0,132594471.6208767,39039,39101,1771306900.5734837,1771306900.5734837
27167,0,38017,0,146287790.00276786,27167,38017,1274071645.9280565,1274071645.9280565
19005,0,19037,0,217416835.6718135,19005,19037,3190382941.100472,3190382941.100472
26157,0,26157,0,266569603.83303255,26157,26157,2933251701.7878084,2933251701.7878084
55057,0,55021,0,135964943.53260696,55057,55021,1883467405.7270281,1883467405.7270281
21077,0,47105,0,200017.6045264292,21077,47105,3065512.6367417113,3065512.6367417113
19191,0,19089,0,58247213.63247741,19191,19089,665376432.2882818,665376432.2882818
19191,0,19037,0,556523187.5818614,19191,19037,6373559967.811388,6373559967.811388
46009,0,46009,0,86417999.63224953,46009,46009,1370906569.4618883,1370906569.4618883
17101,0,18129,0,338724191.5020815,17101,18129,4414081361.4333935,4414081361.4333935
46069,0,46119,0,100732892.76077516,46069,46119,4003283544.669808,4003283544.669808
18171,0,17115,0,377326921.24814993,18171,17115,4271075646.1807265,4271075646.1807265
31053,0,16031,0,196365987.67060545,31053,16031,3457255551.213961,3457255551.213961
42031,0,42033,0,18957982.90693372,42031,42033,729111678.299681,729111678.299681
46083,0,46125,0,292732293.1957834,46083,46125,4167977362.718903,4167977362.718903
21151,0,47105,0,6372359.003783323,21151,47105,242325332.92449343,242325332.92449343
55105,0,55105,0,489867721.7128455,55105,55105,5347033646.076899,5347033646.076899
55063,0,55021,0,109718726.9413866,55063,55021,1022621110.129088,1022621110.129088
18091,0,18141,0,537143135.1623065,18091,18141,7368538869.075642,7368538869.075642
19061,0,19113,0,409195762.6958539,19061,19113,5461358163.7174835,5461358163.7174835
31029,0,31135,0,174753579.83236638,31029,31135,3178086607.6927447,3178086607.6927447
19097,0,19045,0,154156409.78389853,19097,19045,2451106066.414774,2451106066.414774
27063,0,27091,0,161875167.17388406,27063,27091,1479611074.5593302,1479611074.5593302
27063,0,27063,0,535281138.8,27063,27063,4844085479.585726,4844085479.585726
27157,0,55021,0,46505166.70884711,27157,55021,488100547.7675939,488100547.7675939
19055,0,19113,0,1067148727.9942194,19055,19113,9482729642.28995,9482729642.28995
19189,0,19197,0,79978770.1195888,19189,19197,771884183.8556641,771884183.8556641
46097,0,46079,0,18670002.83372472,46097,46079,404837903.51751673,404837903.51751673
46097,0,46035,0,41943684.18406851,46097,46035,913120835.6355777,913120835.6355777
31089,0,31175,0,7185470.053484505,31089,31175,112955313.39058107,112955313.39058107
31089,0,31089,0,407169868.6397632,31089,31089,6298984973.523188,6298984973.523188
18145,0,18135,0,86284978.554022,18145,18135,1182565500.3538976,1182565500.3538976
18145,0,18145,0,176018080.8997276,18145,18145,2365222250.04251,2365222250.04251
18075,0,18075,0,71221874.45467435,18075,18075,913398857.8059584,913398857.8059584
19175,0,19003,0,144535784.20344672,19175,19003,2917831262.050108,2917831262.050108
18081,0,18135,0,9396510.869398108,18081,18135,119965995.0905226,119965995.0905226
18081,0,21111,0,44004520.22763593,18081,21111,561925762.878313,561925762.878313
27127,0,27083,0,109052198.33396377,27127,27083,920955273.0274856,920955273.0274856
27127,0,27127,0,666576512.5,27127,27127,5576820997.525621,5576820997.525621
26077,0,26025,0,212614026.5700901,26077,26025,2381471439.5621357,2381471439.5621357
19093,0,19035,0,5984922.931887578,19093,19035,63062699.56502991,63062699.56502991
19093,0,19093,0,391997912.5917859,19093,19093,4103896577.188362,4103896577.188362
17095,0,48117,0,492245937.6826072,17095,48117,5868453327.47993,5868453327.47993
18035,0,18135,0,252010127.00126457,18035,18135,3445743914.3479514,3445743914.3479514
31087,0,8125,0,24541979.957804374,31087,8125,513993025.3016137,513993025.3016137
8123,0,6077,0,37393527.28903938,8123,6077,569667779.7479807,569667779.7479807
8123,0,8005,0,10638317.41130147,8123,8005,116807679.53587177,116807679.53587177
31055,0,6077,0,19598748.752037022,31055,6077,338160131.7796353,338160131.7796353
18049,0,18017,0,249904568.9866888,18049,18017,2916300945.1767554,2916300945.1767554
8075,0,8123,0,77252164.94547886,8075,8123,891754000.4697437,891754000.4697437
8125,0,4013,0,270046341.78396297,8125,4013,3443844758.8100643,3443844758.8100643
31051,0,31043,0,46203713.02493212,31051,31043,1222821574.7101831,1222821574.7101831
46015,0,46003,0,200609878.38728133,46015,46003,6935143692.854523,6935143692.854523
13037,0,13205,0,55255455.96784101,13037,13205,433893949.3730039,433893949.3730039
18153,0,21047,0,27933168.77940573,18153,21047,356104131.2206091,356104131.2206091
20161,0,20175,0,52671948.97148009,20161,20175,936518686.2128792,936518686.2128792
31137,0,31099,0,6905331.048366838,31137,31099,101959263.46719117,101959263.46719117
31137,0,8125,0,83852083.19800286,31137,8125,1289355091.6593978,1289355091.6593978
27073,0,27151,0,170927735.5531633,27073,27151,1402189272.282606,1402189272.282606
27073,0,27149,0,179079750.87909523,27073,27149,1477264698.1434884,1477264698.1434884
27073,0,27173,0,2832188.486582911,27073,27173,23218579.431125592,23218579.431125592
26145,0,26157,0,91123099.90063316,26145,26157,926933930.259975,926933930.259975
26087,0,26147,0,137970887.86865085,26087,26147,2024331930.0224614,2024331930.0224614
21203,0,47105,0,5440032.541113092,21203,47105,513082793.5037161,513082793.5037161
18109,0,18027,0,146326979.82898653,18109,18027,1572889033.925814,1572889033.925814
38077,0,38077,0,306754863.7987243,38077,38077,3009487010.5157156,3009487010.5157156
19129,0,48117,0,221518068.3770517,19129,48117,2992862294.5941553,2992862294.5941553
36117,0,36035,0,88389315.06720494,36117,36035,1874705199.7486255,1874705199.7486255
31033,0,6107,0,8067907.255914985,31033,6107,192992297.64754778,192992297.64754778
26151,0,26147,0,40420975.383065514,26151,26147,413902476.56163263,413902476.56163263
29107,0,29195,0,156528229.0669661,29107,29195,2237167758.3134766,2237167758.3134766
19085,0,31177,0,690661763.4837717,19085,31177,7499844890.91375,7499844890.91375
20003,0,20003,0,91864931.73012358,20003,20003,1518662212.2900982,1518662212.2900982
46135,0,46125,0,120709712.31093206,46135,46125,1571127823.0749962,1571127823.0749962
16031,0,16031,0,4723917.714437427,16031,16031,68220626.88378064,68220626.88378064
8005,0,8005,0,1029629.1043884676,8005,8005,26025778.759262487,26025778.759262487
27045,0,19089,0,200936828.5277797,27045,19089,2162289166.8764787,2162289166.8764787
27045,0,27045,0,464583629.9,27045,27045,4952454725.750512,4952454725.750512
27053,0,38017,0,17460328.067425217,27053,38017,245743227.89160085,245743227.89160085
31027,0,31141,0,513685833.7933985,31027,31141,9595173878.593882,9595173878.593882
18073,0,18073,0,397929519.7390968,18073,18073,4067182440.366806,4067182440.366806
29163,0,29007,0,75132086.71295466,29163,29007,1373719178.6768808,1373719178.6768808
17083,0,17119,0,243869445.68823817,17083,17119,2847907125.8069386,2847907125.8069386
8095,0,8075,0,223616403.40703663,8095,8075,2456577356.1150007,2456577356.1150007
39115,0,39031,0,2922711.3747988013,39115,39031,79707626.40486743,79707626.40486743
21141,0,21047,0,76913363.80963492,21141,21047,1824181434.50155,1824181434.50155
17015,0,17141,0,269585010.831144,17015,17141,1982938736.0315733,1982938736.0315733
17015,0,19045,0,39660014.95176371,17015,19045,292125434.5590527,292125434.5590527
29033,0,48117,0,226410476.4458908,29033,48117,3550001353.7701426,3550001353.7701426
55019,0,55139,0,88644444.13627958,55019,55139,902309199.6696211,902309199.6696211
41059,0,41049,0,16344034.24499723,41059,41049,144097259.95172593,144097259.95172593
18039,0,18141,0,92732317.88569184,18039,18141,1083171458.4232545,1083171458.4232545
27037,0,19033,0,3776148.7050375114,27037,19033,40238560.54652717,40238560.54652717
20077,0,48117,0,1679529.7270121274,20077,48117,54389732.7533805,54389732.7533805
4025,0,4013,0,3008.269178879282,4025,4013,57013.05305054706,57013.05305054706
36063,0,36035,0,9353314.539851002,36063,36035,147253823.55891284,147253823.55891284
46039,0,46029,0,13966027.187206114,46039,46029,341157505.71432376,341157505.71432376
8087,0,8123,0,8775930.221830634,8087,8123,98139870.99967898,98139870.99967898
31159,0,31081,0,30657270.80642852,31159,31081,404099915.9423678,404099915.9423678
31159,0,31185,0,127312083.52692352,31159,31185,1664394525.8071544,1664394525.8071544
46085,0,46003,0,2758240.3564094887,46085,46003,116661980.37036178,116661980.37036178
19027,0,19027,0,2123025.5305347107,19027,19027,21017745.844348453,21017745.844348453
19027,0,19047,0,1739432.475894353,19027,19047,17351221.72829625,17351221.72829625
19027,0,19073,0,8900392.823598169,19027,19073,88753059.45865402,88753059.45865402
18047,0,47105,0,2088070.8835468665,18047,47105,29447304.531611037,29447304.531611037
19063,0,19147,0,75649.07029292289,19063,19147,822118.0771516474,822118.0771516474
19063,0,27091,0,2155135.2306055645,19063,27091,23456873.28729543,23456873.28729543
19063,0,19059,0,5062688.592891585,19063,19059,54919250.557936855,54919250.557936855
38047,0,38055,0,6013561.060439061,38047,38055,233693380.75654534,233693380.75654534
39137,0,39003,0,12827479.937114846,39137,39003,149767306.7845581,149767306.7845581
55017,0,55017,0,8254637.582347065,55017,55017,81246775.41472365,81246775.41472365
46125,0,46125,0,20803554.131765906,46125,46125,294999004.1194319,294999004.1194319
19101,0,48117,0,2098004.8739884873,19101,48117,36652543.32892391,36652543.32892391
19197,0,19197,0,818364.0153286913,19197,19197,7474042.061149154,7474042.061149154
19197,0,19169,0,115094.9639395179,19197,19169,1073454.8526428638,1073454.8526428638
19197,0,19187,0,4544522.164699092,19197,19187,42041339.51645445,42041339.51645445
19197,0,19079,0,3826088.920221416,19197,19079,35264790.27736764,35264790.27736764
31143,0,31121,0,114025050.28120732,31143,31121,1442912898.4467475,1442912898.4467475
18119,0,18027,0,1692966.7471527727,18119,18027,24756508.26308614,24756508.26308614
46051,0,46051,0,6252350.940908261,46051,46051,92031416.65100166,92031416.65100166
46051,0,27151,0,2675389.198481185,46051,27151,39826912.69411463,39826912.69411463
8039,0,8005,0,176352.42582948072,8039,8005,6984637.829789765,6984637.829789765
31019,0,31019,0,56575758.64164501,31019,31019,935968841.123352,935968841.123352
31019,0,31047,0,79914691.92613867,31019,31047,1334480598.718005,1334480598.718005
31019,0,6039,0,20832886.403063513,31019,6039,464721924.4346256,464721924.4346256
46115,0,46115,0,5091996.106747803,46115,46115,84856043.44033612,84856043.44033612
46115,0,46013,0,33851372.22117363,46115,46013,569807903.5421422,569807903.5421422
19123,0,19135,0,7097782.830441478,19123,19135,74061443.3043326,74061443.3043326
13201,0,13205,0,4262400.891302093,13201,13205,40762979.60554163,40762979.60554163
18055,0,18027,0,7006276.221519937,18055,18027,86627395.54203293,86627395.54203293
31003,0,31011,0,275526069.79435146,31003,31011,4949012438.547538,4949012438.547538
55073,0,55139,0,5481207.774761239,55073,55139,69996322.54919195,69996322.54919195
8121,0,4013,0,7991777.808449696,8121,4013,182381381.99657443,182381381.99657443
18041,0,47105,0,7397196.202836842,18041,47105,110556315.6034579,110556315.6034579
20115,0,20173,0,31139591.436953913,20115,20173,669400432.6068233,669400432.6068233
19047,0,31177,0,3635827.796259342,19047,31177,40826828.99761542,40826828.99761542
19047,0,8123,0,3089185.244484056,19047,8123,40770713.45390859,40770713.45390859
31109,0,31081,0,4928083.281605289,31109,31081,84063761.08075094,84063761.08075094
38045,0,38093,0,51755952.56942814,38045,38093,643660673.9656968,643660673.9656968
20061,0,20175,0,14267005.436405454,20061,20175,350259511.5259393,350259511.5259393
19015,0,19073,0,14308040.454588627,19015,19073,140076681.45683628,140076681.45683628
19091,0,19187,0,10485305.033945072,19091,19187,111145873.68093728,111145873.68093728
31175,0,31175,0,76568669.6407071,31175,31175,1278951621.9088535,1278951621.9088535
18137,0,47105,0,9548902.155945385,18137,47105,118935588.22805157,118935588.22805157
31077,0,31175,0,29586673.762211856,31077,31175,596364662.790766,596364662.790766
18113,0,39147,0,6149151.377861179,18113,39147,66677721.70181598,66677721.70181598
31081,0,31079,0,243642719.99512884,31081,31079,3037187424.0774407,3037187424.0774407
46025,0,46029,0,15327129.39294645,46025,46029,323465412.4312716,323465412.4312716
46057,0,46029,0,16501505.958419144,46057,46029,224638027.3181827,224638027.3181827
55033,0,55017,0,2699717.0358234183,55033,55017,28395451.378860805,28395451.378860805
55033,0,55033,0,3987869.108787737,55033,55033,41527577.89962699,41527577.89962699
31179,0,31141,0,106640178.92595673,31179,31141,1470340851.2925093,1470340851.2925093
46111,0,46035,0,5836302.797749713,46111,46035,157169676.6139893,157169676.6139893
19141,0,19141,0,9769048.029918944,19141,19141,94792933.41039921,94792933.41039921
19165,0,19047,0,3798367.235682101,19165,19047,36720246.39569861,36720246.39569861
19187,0,19187,0,12382846.451124908,19187,19187,106312813.80101454,106312813.80101454
19003,0,19003,0,35857.61458045992,19003,19003,586170.0447935592,586170.0447935592
19003,0,20173,0,1127660.7412253034,19003,20173,19789127.44607597,19789127.44607597
19003,0,48219,0,1493097.6646837206,19003,48219,29363330.08853135,29363330.08853135
19011,0,19113,0,14270016.669626258,19011,19113,137069514.37824416,137069514.37824416
19041,0,19021,0,9260870.995326027,19041,19021,91481253.97471827,91481253.97471827
31113,0,31111,0,1514580.783468006,31113,31111,30048271.625020005,30048271.625020005
18045,0,17115,0,12293117.5473921,18045,17115,136235582.5254829,136235582.5254829
19095,0,19113,0,10216051.22429369,19095,19113,115966806.18386354,115966806.18386354
46043,0,46003,0,8738999.149905207,46043,46003,202779549.95893854,202779549.95893854
31013,0,31123,0,48156004.183997735,31013,31123,927944047.4190316,927944047.4190316
31013,0,8005,0,3199856.0153293633,31013,8005,64289011.33229841,64289011.33229841
18161,0,47105,0,4358816.284421342,18161,47105,63346488.76063188,63346488.76063188
19151,0,19021,0,10972550.715368422,19151,19021,105823448.10868481,105823448.10868481
39069,0,39137,0,7717208.396480541,39069,39137,110623300.91227747,110623300.91227747
39069,0,39003,0,3298691.3495572926,39069,39003,47466539.692314856,47466539.692314856
39083,0,39031,0,7213178.7366379965,39083,39031,104512854.22661115,104512854.22661115
31011,0,31011,0,68216555.73864505,31011,31011,1250266424.075801,1250266424.075801
31011,0,31121,0,127873517.95145936,31011,31121,2357011176.413691,2357011176.413691
31011,0,31141,0,22062953.1058737,31011,31141,406722475.83553284,406722475.83553284
20031,0,20003,0,9760014.29597118,20031,20003,175792899.50687376,175792899.50687376
19067,0,19067,0,13365128.927316174,19067,19067,136292376.14272478,136292376.14272478
19067,0,19037,0,46711.2199956124,19067,19037,478941.66881255765,478941.66881255765
19081,0,19197,0,11701407.950834256,19081,19197,114989010.41045107,114989010.41045107
19195,0,19033,0,6667469.3383183135,19195,19033,63678018.47138526,63678018.47138526
55055,0,55055,0,8408165.86168035,55055,55055,106595044.35406269,106595044.35406269
46013,0,46013,0,8178002.861679604,46013,46013,178313427.75059077,178313427.75059077
46013,0,46045,0,45373007.70029381,46013,46045,994449125.5633525,994449125.5633525
46005,0,46115,0,1376717.8370453774,46005,46115,29301864.1825381,29301864.1825381
46005,0,46003,0,11492004.449823784,46005,46003,245303135.2430882,245303135.2430882
46079,0,46079,0,11797067.728859272,46079,46079,169046226.18085662,169046226.18085662
46061,0,46125,0,11436566.985827122,46061,46125,182041227.9110874,182041227.9110874
46077,0,46005,0,8510029.99578005,46077,46005,113022256.59008719,113022256.59008719
46077,0,46079,0,351942.47775892966,46077,46079,4674703.532006691,4674703.532006691
46073,0,46003,0,10248146.148684964,46073,46003,338661847.8181662,338661847.8181662
55097,0,55139,0,5420808.369378358,55097,55139,77672090.17842364,77672090.17842364
42123,0,42033,0,107883.49246384672,42123,42033,8141069.790567849,8141069.790567849
31023,0,31141,0,136686085.6319646,31023,31141,1816211161.929171,1816211161.929171
19001,0,19029,0,6000142.662822369,19001,19029,101459419.55716603,101459419.55716603
39109,0,39037,0,2283431.919554386,39109,39037,25719253.253702283,25719253.253702283
39109,0,47105,0,6859558.450471916,39109,47105,85884088.42235048,85884088.42235048
19065,0,19065,0,5739133.380259095,19065,19065,57190548.01745536,57190548.01745536
19065,0,19037,0,6779092.406962661,19065,19037,68297822.67791182,68297822.67791182
19089,0,19089,0,10143612.641165754,19089,19089,115047902.39518334,115047902.39518334
55053,0,55057,0,4893008.228553309,55053,55057,51012551.676333934,51012551.676333934
8115,0,8123,0,8258287.468946855,8115,8123,100369447.39279076,100369447.39279076
19161,0,19047,0,6620660.63840916,19161,19047,62321279.49420008,62321279.49420008
39047,0,39047,0,14780581.574642047,39047,39047,127562943.61084652,127562943.61084652
19035,0,19035,0,10687239.360431448,19035,19035,106389860.81428692,106389860.81428692
19017,0,19037,0,4753162.259025856,19017,19037,45530862.80211653,45530862.80211653
31049,0,6071,0,364701.053327168,31049,6071,8523737.138867179,8523737.138867179
19025,0,19187,0,13101139.018450746,19025,19187,128547269.72335432,128547269.72335432
36011,0,36035,0,9889761.062245471,36011,36035,174894033.4244175,174894033.4244175
31071,0,31175,0,1844904.558307971,31071,31175,32911182.51222218,32911182.51222218
36057,0,36035,0,2970816.6736367736,36057,36035,113744096.00074151,113744096.00074151
36053,0,36035,0,2750830.354644723,36053,36035,84717436.53643665,84717436.53643665
55045,0,55045,0,6525603.993977327,55045,55045,90745252.67383727,90745252.67383727
55045,0,17177,0,1874289.477580648,55045,17177,26173172.620872404,26173172.620872404
19127,0,20173,0,2735029.1483922224,19127,20173,29529490.389720403,29529490.389720403
20159,0,20159,0,23149189.058783054,20159,20159,476319914.63543206,476319914.63543206
20051,0,20167,0,4515216.0779172,20051,20167,204966117.62042773,204966117.62042773
20141,0,20167,0,977506.5727631208,20141,20167,30918437.687357325,30918437.687357325
38041,0,38089,0,4629651.6810990255,38041,38089,142173423.85214862,142173423.85214862
55035,0,55017,0,2763915.115797415,55035,55017,33099272.185545675,33099272.185545675
18003,0,18179,0,15817309.137550771,18003,18179,169476804.8121853,169476804.8121853
19031,0,19113,0,878892.6626770883,19031,19113,8569726.471668424,8569726.471668424
19031,0,19045,0,13207303.495596634,19031,19045,129278938.49372539,129278938.49372539
19087,0,19057,0,2069486.4896694624,19087,19057,21194074.560814593,21194074.560814593
19087,0,20055,0,1135566.1888527102,19087,20055,14278807.585268859,14278807.585268859
18067,0,18017,0,4495473.924238253,18067,18017,37856050.09961272,37856050.09961272
39091,0,39047,0,12666967.42299498,39091,39047,136517512.16401386,136517512.16401386
20123,0,20159,0,8741676.300333612,20123,20159,244677039.6327714,244677039.6327714
20143,0,20159,0,16386315.485464426,20143,20159,486538830.6535406,486538830.6535406
20171,0,20055,0,3195298.001631839,20171,20055,71519772.06059314,71519772.06059314
55103,0,55057,0,2949978.0949293086,55103,55057,37695546.88310996,37695546.88310996
31063,0,31111,0,3065572.054921184,31063,31111,56082637.66934666,56082637.66934666
31063,0,31135,0,44256844.823995955,31063,31135,814675157.3787253,814675157.3787253
31181,0,20055,0,39510173.84857016,31181,20055,794946631.4611398,794946631.4611398
18131,0,18017,0,17749278.179792978,18131,18017,217533436.12887883,217533436.12887883
20191,0,48117,0,266764.7114612305,20191,48117,6508474.0246712025,6508474.0246712025
31065,0,31065,0,57842101.922673546,31065,31065,1310413413.096556,1310413413.096556
31065,0,20063,0,42909337.33225088,31065,20063,987409865.0269248,987409865.0269248
20105,0,20159,0,960732.3779959443,20105,20159,37134958.94360227,37134958.94360227
31119,0,31119,0,127312083.50298372,31119,31119,2041458701.7075775,2041458701.7075775
31119,0,31141,0,1354513.3998302517,31119,31141,21853526.106976137,21853526.106976137
46059,0,46005,0,12573185.827045562,46059,46005,315437425.32467335,315437425.32467335
46059,0,46003,0,12172153.315296223,46059,46003,306785995.4274754,306785995.4274754
20027,0,20167,0,5671615.739379945,20027,20167,100515834.15918936,100515834.15918936
18057,0,18135,0,8232512.877247857,18057,18135,99728000.08884674,99728000.08884674
19147,0,19147,0,2262516.382167212,19147,19147,21356848.931354202,21356848.931354202
31151,0,31001,0,132848756.29995966,31151,31001,2163439538.6428514,2163439538.6428514
18069,0,18179,0,11634805.224376405,18069,18179,128237302.51403391,128237302.51403391
46049,0,46045,0,19736954.85267572,46049,46045,397633670.89140755,397633670.89140755
18135,0,39037,0,13865234.912900088,18135,39037,194740481.0180581,194740481.0180581
19181,0,20003,0,2716439.7790555125,19181,20003,40265046.66942886,40265046.66942886
20017,0,20173,0,9408889.121389829,20017,20173,148006803.4640739,148006803.4640739
48279,0,48219,0,2653980.185515381,48279,48219,30504772.13616207,30504772.13616207
18059,0,18135,0,11689022.634561764,18059,18135,142081630.95829064,142081630.95829064
31135,0,31135,0,21599803.5151743,31135,31135,432596051.06969947,432596051.06969947
31135,0,8075,0,61484763.30047804,31135,8075,1252812229.8444726,1252812229.8444726
19073,0,19027,0,7977849.220837144,19073,19027,83945933.87988652,83945933.87988652
18097,0,18135,0,655226.3306423319,18097,18135,7579697.355748277,7579697.355748277
20151,0,20175,0,53092953.41270898,20151,20175,944564822.7614074,944564822.7614074
36037,0,36035,0,13642262.129059438,36037,36035,221148758.57310253,221148758.57310253
38021,0,38093,0,19045713.890097648,38021,38093,327182861.1686308,327182861.1686308
38021,0,38077,0,7651065.92882305,38021,38077,132270255.86486119,132270255.86486119
18011,0,18107,0,17413914.461375684,18011,18107,178340313.99351662,178340313.99351662
19103,0,19139,0,6024998.295153321,19103,19139,68353586.01701999,68353586.01701999
31167,0,31141,0,90407670.88604791,31167,31141,1920696474.7203684,1920696474.7203684
39175,0,39101,0,7963105.515543408,39175,39101,82208864.34686871,82208864.34686871
18107,0,18133,0,222113.15492564035,18107,18133,2370075.4290594496,2370075.4290594496
39159,0,39047,0,2660240.663029505,39159,39047,25245024.165766772,25245024.165766772
55027,0,55055,0,10290756.91861302,55027,55055,102008773.19051392,102008773.19051392
39149,0,39037,0,8738607.209506232,39149,39037,139097463.52901316,139097463.52901316
48219,0,48219,0,916104.2410987916,48219,48219,20973404.972101703,20973404.972101703
31073,0,31065,0,68554751.71507095,31073,31065,1072166142.4497423,1072166142.4497423
31059,0,31059,0,79280706.57161175,31059,31059,1111986378.0345373,1111986378.0345373
31059,0,31001,0,181400098.83895305,31059,31001,2574927489.3253765,2574927489.3253765
39171,0,26091,0,603865.5030970012,39171,26091,8365265.535311226,8365265.535311226
39171,0,18179,0,10308031.04019142,39171,18179,143771078.3162339,143771078.3162339
19009,0,19029,0,6553307.152648016,19009,19029,81505054.37546457,81505054.37546457
18103,0,18017,0,15613648.862406572,18103,18017,188657186.51447666,188657186.51447666
20109,0,20063,0,12498975.90334702,20109,20063,342644419.2446968,342644419.2446968
19079,0,19169,0,13352738.047540655,19079,19169,118069372.96904686,118069372.96904686
42019,0,42033,0,8917593.577015428,42019,42033,164786945.7680839,164786945.7680839
39071,0,39047,0,4703844.72536567,39071,39047,59855960.37822669,59855960.37822669
55141,0,55057,0,557581.3303196639,55141,55057,6242352.342857237,6242352.342857237
18181,0,18107,0,28822644.47530408,18181,18107,278640961.08794826,278640961.08794826
31185,0,31081,0,300100705.1084633,31185,31081,3813043333.952021,3813043333.952021
55025,0,55055,0,14281185.18980428,55025,55055,155924919.39863074,155924919.39863074
55025,0,55105,0,3801052.8809722816,55025,55105,41578363.33986694,41578363.33986694
19131,0,19131,0,11497205.548407309,19131,19131,115762081.8243379,115762081.8243379
18023,0,17115,0,13598527.935015852,18023,17115,125423206.6022348,125423206.6022348
19023,0,19187,0,292193.1365605144,19023,19187,3059270.4819026347,3059270.4819026347
19023,0,19023,0,5951693.877265421,19023,19023,60624956.99182859,60624956.99182859
20093,0,20055,0,3473727.9820390395,20093,20055,69540220.98500384,69540220.98500384
42065,0,42033,0,6106524.280917897,42065,42033,322294477.0005906,322294477.0005906
20199,0,20203,0,3419189.0554343048,20199,20203,70410696.58815487,70410696.58815487
46037,0,46051,0,3211137.9817087604,46037,46051,68438622.39057897,68438622.39057897
46037,0,46013,0,12259905.655967178,46037,46013,261372871.58782226,261372871.58782226
47053,0,47131,0,14634796.975736454,47053,47131,185490692.40480706,185490692.40480706
20029,0,20167,0,30533151.31076653,20029,20167,646515690.9326265,646515690.9326265
31085,0,31087,0,29104421.856087018,31085,31087,478896006.7943703,478896006.7943703
31041,0,31123,0,89341046.07638957,31041,31123,1431538807.0723715,1431538807.0723715
19083,0,19083,0,518141.6679833155,19083,19083,4438499.1883229455,4438499.1883229455
48117,0,48117,0,3732139.6503843064,48117,48117,45097945.04880122,45097945.04880122
19113,0,19113,0,15549196.341527725,19113,19113,168366733.43822983,168366733.43822983
31001,0,31099,0,14017921.623074718,31001,31099,227525588.86289513,227525588.86289513
31001,0,6099,0,36924705.835661255,31001,6099,807376487.4817226,807376487.4817226
36035,0,36035,0,158480.64574383365,36035,36035,14531451.79008379,14531451.79008379
20053,0,20159,0,691582.8558306331,20053,20159,22353208.9600006,22353208.9600006
18159,0,18095,0,9800208.336363846,18159,18095,92438154.90024024,92438154.90024024
20179,0,20063,0,43362920.9909657,20179,20063,734354163.528192,734354163.528192
31099,0,31065,0,915229.8711179342,31099,31065,15935499.539950185,15935499.539950185
31099,0,31001,0,89951749.18594077,31099,31001,1554276660.0768745,1554276660.0768745
31099,0,31087,0,72745244.9451831,31099,31087,1281607094.659553,1281607094.659553
31099,0,8125,0,45760764.60913309,31099,8125,821598496.9885391,821598496.9885391
39037,0,39037,0,17668942.59538007,39037,39037,182959761.04290175,182959761.04290175
48381,0,48219,0,1408079.1140841502,48381,48219,23991732.023373634,23991732.023373634
19021,0,19035,0,6472495.333052355,19021,19035,62698967.13265177,62698967.13265177
19021,0,19021,0,5018765.169472684,19021,19021,48329879.57235372,48329879.57235372
19029,0,19029,0,1683121.5478485967,19029,19029,20117318.677272126,20117318.677272126
19029,0,19155,0,4166185.713776082,19029,19155,50352477.166704446,50352477.166704446
13205,0,13205,0,4033614.7426351146,13205,13205,47990920.64451691,47990920.64451691
20047,0,20055,0,30591982.262032088,20047,20055,545458024.6147838,545458024.6147838
31133,0,48117,0,29399448.898682564,31133,48117,1054117723.0012144,1054117723.0012144
39129,0,47163,0,708494.2406319003,39129,47163,8699239.186513513,8699239.186513513
19185,0,20173,0,5013315.811232467,19185,20173,160922100.01361746,160922100.01361746
39119,0,39031,0,1757439.591142178,39119,39031,36698003.45112633,36698003.45112633
20063,0,20063,0,1726148.2708351668,20063,20063,39445239.55523469,39445239.55523469
56015,0,6107,0,537923.1595335795,56015,6107,9975444.100885572,9975444.100885572
48189,0,48219,0,968434.4118435387,48189,48219,12210834.975540426,12210834.975540426
18139,0,47105,0,15283481.673120782,18139,47105,207820491.88377294,207820491.88377294
19037,0,19067,0,12822324.136361862,19037,19067,130235955.68503422,130235955.68503422
18017,0,17115,0,8460411.821086286,18017,17115,93620041.01053813,93620041.01053813
46029,0,46029,0,12274267.825969698,46029,46029,233263697.43275318,233263697.43275318
36063,0,36035,0,1989068.7578058492,36063,36035,31314886.14656963,31314886.14656963
46101,0,19167,0,593439.5863832983,46101,19167,7122666.343841063,7122666.343841063
46101,0,46083,0,157506.42604189727,46101,46083,1874946.9948151263,1874946.9948151263
48065,0,48117,0,6362143.259162573,48065,48117,77960993.86431904,77960993.86431904
20167,0,20167,0,2655392.9456142485,20167,20167,86990513.7075157,86990513.7075157
20113,0,20175,0,7558598.710463783,20113,20175,166957623.48783186,166957623.48783186
20113,0,20159,0,41118738.437068745,20113,20159,879566711.4240874,879566711.4240874
18063,0,18133,0,8531470.987697724,18063,18133,76799955.85451195,76799955.85451195
46035,0,46125,0,10257244.644796308,46035,46125,204358960.3478761,204358960.3478761
20111,0,48117,0,8146665.812390128,20111,48117,153515574.8043001,153515574.8043001
31093,0,31079,0,64452522.16381218,31093,31079,1307690474.9091928,1307690474.9091928
31035,0,6107,0,22428319.58393089,31035,6107,502574259.59568256,502574259.59568256
20065,0,20063,0,8162227.178547044,20065,20063,138722063.81285098,138722063.81285098
31061,0,31099,0,29949603.79234861,31061,31099,537575417.0778567,537575417.0778567
19109,0,19187,0,384284.5618098144,19109,19187,3605484.579722198,3605484.579722198
19109,0,19109,0,20575855.977354743,19109,19109,190144715.0434548,190144715.0434548
18111,0,18073,0,5817472.7139628325,18111,18073,57254821.52925865,57254821.52925865
20131,0,20175,0,39917758.66344672,20131,20175,1059580583.750118,1059580583.750118
19139,0,19139,0,7403239.498295616,19139,19139,67543283.7705275,67543283.7705275
41049,0,41049,0,3950222.316087712,41049,41049,36782613.693775326,36782613.693775326
19167,0,19149,0,9806978.463381149,19167,19149,87723218.85033429,87723218.85033429
20183,0,20167,0,50859305.98177633,20183,20167,1329344746.4113832,1329344746.4113832
20147,0,20063,0,17058704.835171536,20147,20063,415760438.3738388,415760438.3738388
18095,0,18135,0,15557667.196599817,18095,18135,180554763.81837797,180554763.81837797
36065,0,36035,0,12234256.594815088,36065,36035,489965533.4144532,489965533.4144532
42047,0,42033,0,492956.5098482508,42047,42033,28108834.406604994,28108834.406604994
18101,0,18129,0,364301.2679623199,18101,18129,5673930.601452568,5673930.601452568
31107,0,31139,0,31241098.040502574,31107,31139,749707785.0470105,749707785.0470105
36073,0,36073,0,13936728.901269857,36073,36073,148441972.76315686,148441972.76315686
38029,0,38055,0,31639250.80259577,38029,38055,997740991.0713571,997740991.0713571
39001,0,51191,0,708494.2404984013,39001,51191,22469930.928103413,22469930.928103413
13273,0,13205,0,6705413.167190971,13273,13205,48766753.95587467,48766753.95587467
18173,0,18129,0,8846110.856564524,18173,18129,134346929.06588206,134346929.06588206
31169,0,20151,0,31828020.886331674,31169,20151,570077164.4716842,570077164.4716842
36029,0,36035,0,811230.1499785364,36029,36035,35835519.747126274,35835519.747126274
20059,0,48117,0,10160142.675005388,20059,48117,239755723.05570242,239755723.05570242
31123,0,6107,0,1533907.5811628343,31123,6107,35520270.571691945,35520270.571691945
31123,0,8123,0,2351604.0210328973,31123,8123,44421183.6489296,44421183.6489296
39063,0,39047,0,3933066.099465983,39063,39047,46476114.759064585,46476114.759064585
46065,0,46119,0,5779996.149854904,46065,46119,123034480.32582413,123034480.32582413
46087,0,46125,0,17578435.444894932,46087,46125,236199737.41413,236199737.41413
19075,0,19083,0,4370749.7301518535,19075,19083,39568124.17891409,39568124.17891409
42121,0,42033,0,3493010.842685994,42121,42033,77358812.48606722,77358812.48606722
20181,0,20203,0,436242.3414107599,20181,20203,7674172.046603342,7674172.046603342
19059,0,19059,0,6160505.577819979,19059,19059,63389940.722598076,63389940.722598076
31177,0,6071,0,4264829.255775751,31177,6071,68767677.6993914,68767677.6993914
31155,0,31141,0,154114245.0088951,31155,31141,2042607368.240213,2042607368.240213
55111,0,55021,0,7325316.625864748,55111,55021,72234864.40564656,72234864.40564656
55081,0,55021,0,2322664.1894651917,55081,55021,24046516.45582742,24046516.45582742
55081,0,55057,0,2875848.065200985,55081,55057,29137967.583500985,29137967.583500985
18129,0,18129,0,19567073.2796204,18129,18129,264665177.68277276,264665177.68277276
47183,0,47131,0,19380868.38972979,47183,47131,279262892.3328372,279262892.3328372
19013,0,19187,0,9991173.91115868,19013,19187,104011428.79257907,104011428.79257907
46091,0,38077,0,15224814.957271868,46091,38077,248570464.91297832,248570464.91297832
21181,0,47105,0,64269.64475376625,21181,47105,2078058.5385796218,2078058.5385796218
46017,0,46003,0,359996.4314053313,46017,46003,10357387.315856807,10357387.315856807
42049,0,36035,0,14048132.981449632,42049,36035,411614983.5160435,411614983.5160435
16067,0,16031,0,1757019.0946022717,16067,16031,22954356.8260099,22954356.8260099
46119,0,46119,0,16335192.607929591,46119,46119,288093969.3480352,288093969.3480352
39007,0,36035,0,221388.9174292172,39007,36035,3261247.447934473,3261247.447934473
46003,0,46003,0,11440321.137828274,46003,46003,359136549.486519,359136549.486519
39161,0,39003,0,7254138.656612028,39161,39003,106307216.84846175,106307216.84846175
46127,0,46125,0,9931237.162404172,46127,46125,141054819.91911614,141054819.91911614
46127,0,46083,0,810415.7080656739,46127,46083,11471192.3737475,11471192.3737475
31043,0,31043,0,36507007.32501467,31043,31043,692596240.5031184,692596240.5031184
31043,0,6077,0,6690562.669111527,31043,6077,168874752.71784443,168874752.71784443
39031,0,39031,0,3595557.575238009,39031,39031,59082357.224620335,59082357.224620335
38051,0,38055,0,3684253.074975435,38051,38055,90070957.32096492,90070957.32096492
55065,0,17177,0,1038030.8833902292,55065,17177,11727163.46536555,11727163.46536555
20013,0,20005,0,6361461.806690326,20013,20005,94366301.67512943,94366301.67512943
13177,0,13205,0,1559022.821090333,13177,13205,14029392.684357481,14029392.684357481
19145,0,19145,0,8437541.355114048,19145,19145,102428127.70519546,102428127.70519546
19071,0,48219,0,4232153.506764506,19071,48219,57059545.47235583,57059545.47235583
19071,0,19145,0,827666.3337800805,19071,19145,8612782.674960606,8612782.674960606
21049,0,47105,0,2234133.91955525,21049,47105,100722986.6598914,100722986.6598914
20155,0,20055,0,22960948.776392017,20155,20055,491589196.8940649,491589196.8940649
19099,0,19029,0,13821414.056605386,19099,19029,149957625.8184075,149957625.8184075
31125,0,31121,0,53465465.58649486,31125,31121,928803120.903606,928803120.903606
42063,0,42033,0,17593249.512430064,42063,42033,703087112.0762712,703087112.0762712
18157,0,17115,0,9965963.915187638,18157,17115,118150643.47119477,118150643.47119477
18157,0,18107,0,10281147.3964274,18157,18107,117618618.70537592,117618618.70537592
20089,0,20159,0,44494009.27093268,20089,20159,891509679.7315011,891509679.7315011
19019,0,19113,0,21196156.875221416,19019,19113,199492599.63696802,199492599.63696802
31139,0,31139,0,1165614.1323688726,31139,31139,18062032.332992565,18062032.332992565
31139,0,31141,0,125200850.40104812,31139,31141,1962822836.7627673,1962822836.7627673
19143,0,19141,0,7745446.81889062,19143,19141,76532264.88977031,76532264.88977031
38065,0,38055,0,2917691.258962661,38065,38055,46592902.316424124,46592902.316424124
20207,0,20003,0,11369805.230610453,20207,20003,200607583.37337714,200607583.37337714
39157,0,39031,0,264940.60581942933,39157,39031,3311405.853491017,3311405.853491017
31121,0,6099,0,16175551.810772607,31121,6099,345277534.2230714,345277534.2230714
18065,0,18135,0,6698301.706061334,18065,18135,80308057.82679898,80308057.82679898
46099,0,46125,0,23750971.322137132,46099,46125,325366820.55956244,325366820.55956244
38059,0,38089,0,1065291.8334751213,38059,38089,26755595.749766167,26755595.749766167
19119,0,19167,0,39812.16156513386,19119,19167,337558.74686994305,337558.74686994305
18179,0,18075,0,825091.95235532,18179,18075,8813779.398460152,8813779.398460152
18085,0,18053,0,8393537.903621877,18085,18053,100858742.98465887,100858742.98465887
18085,0,18179,0,903152.8552684383,18085,18179,10904456.44446815,10904456.44446815
18085,0,18169,0,6470040.458822644,18085,18169,77199463.15614586,77199463.15614586
31183,0,31175,0,34713315.10274439,31183,31175,641477993.9274236,641477993.9274236
31141,0,31141,0,248473515.00165743,31141,31141,3715530898.480464,3715530898.480464
55001,0,55057,0,2130398.359491646,55001,55057,41662080.67195466,41662080.67195466
31131,0,48117,0,63937435.33635548,31131,48117,1214176250.5373626,1214176250.5373626
38097,0,38035,0,15631536.753833896,38097,38035,160654324.96058843,160654324.96058843
31129,0,20167,0,151753229.33421502,31129,20167,2574567846.176298,2574567846.176298
46027,0,46125,0,9457021.151101751,46027,46125,135546852.2405881,135546852.2405881
46109,0,46109,0,4192684.9644362302,46109,46109,58696749.79116254,58696749.79116254
46109,0,38077,0,21050352.691357855,46109,38077,297497186.97217834,297497186.97217834
19105,0,19113,0,12186314.851394646,19105,19113,136484808.2096624,136484808.2096624
21125,0,47105,0,301159.92903545947,21125,47105,6908004.723557377,6908004.723557377
46107,0,46119,0,14504731.579842033,46107,46119,247664496.99792677,247664496.99792677
53005,0,41049,0,2942224.579278503,53005,41049,26930288.67405305,26930288.67405305
31163,0,31019,0,15760652.476709832,31163,31019,263635671.89996877,263635671.89996877
39075,0,39031,0,3110368.1696083373,39075,39031,37979592.580526866,37979592.580526866
38057,0,38055,0,2204667.765236339,38057,38055,63664731.090098865,63664731.090098865
36067,0,36035,0,7285489.148885563,36067,36035,123256095.0621285,123256095.0621285
19193,0,31177,0,15031326.725098666,19193,31177,203754673.01099703,203754673.01099703
42053,0,42033,0,1375.9558034575357,42053,42033,113771.58541361058,113771.58541361058
20055,0,20055,0,1264199.7944316517,20055,20055,24241255.807666376,24241255.807666376
18163,0,18129,0,4342120.921033976,18163,18129,51727639.55052939,51727639.55052939
46067,0,46125,0,11061105.736049822,46067,46125,165641188.28929704,165641188.28929704
13007,0,13205,0,3475668.114486238,13007,13205,27861952.861795433,27861952.861795433
31145,0,8125,0,23838739.10205958,31145,8125,421422429.1731734,421422429.1731734
42021,0,42033,0,5709920.841391652,42021,42033,316092327.6039894,316092327.6039894
18027,0,21047,0,12831397.582015429,18027,21047,151635968.37888455,151635968.37888455
31047,0,31111,0,61622130.60299288,31047,31111,925675961.7459754,925675961.7459754
31047,0,6107,0,3694270.0557834087,31047,6107,74489270.8951679,74489270.8951679
36013,0,36035,0,5204368.58567596,36013,36035,246841227.22095093,246841227.22095093
55137,0,55139,0,3157536.237661009,55137,55139,40827191.987908036,40827191.987908036
39089,0,39031,0,5373174.488287686,39089,39031,58044896.875259645,58044896.875259645
38073,0,38017,0,21677251.16497177,38073,38017,321712069.36527026,321712069.36527026
39011,0,18135,0,691084.697020824,39011,18135,9521717.616251165,9521717.616251165
39011,0,39037,0,9512147.298589416,39011,39037,130359283.34101841,130359283.34101841
20119,0,20175,0,79789155.47497106,20119,20175,1198777823.5351143,1198777823.5351143
19053,0,20173,0,1482206.8240003092,19053,20173,40577020.68322764,40577020.68322764
38055,0,38055,0,24342242.488154408,38055,38055,491056722.0133364,491056722.0133364
46023,0,46003,0,5535499.368757629,46023,46003,124416563.84829392,124416563.84829392
46023,0,46009,0,1566653.9413310091,46023,46009,35129886.79025607,35129886.79025607
19133,0,31177,0,8584587.015957486,19133,31177,107369770.3103843,107369770.3103843
18051,0,21047,0,863709.8038747722,18051,21047,9865361.569746664,9865361.569746664
18051,0,18129,0,15539450.410542846,18051,18129,174510974.2347995,174510974.2347995
55021,0,55021,0,15435898.875443565,55021,55021,150019800.3967902,150019800.3967902
31057,0,8125,0,21173088.90579048,31057,8125,357401027.620109,357401027.620109
39027,0,39047,0,13860996.871544909,39027,39047,169633467.70069247,169633467.70069247
19155,0,31047,0,4417196.271187422,19155,31047,47719268.749548644,47719268.749548644
19155,0,16031,0,4926149.249984729,19155,16031,69080253.87073073,69080253.87073073
18183,0,18179,0,10700127.15322308,18183,18179,149495934.7726593,149495934.7726593
31015,0,31089,0,2786884.2585150986,31015,31089,63973092.94268029,63973092.94268029
36055,0,36035,0,8245188.387361437,36055,36035,120220486.72639425,120220486.72639425
46011,0,46029,0,10451521.069128612,46011,46029,162585822.24768683,162585822.24768683
46011,0,46083,0,5740373.810853789,46011,46083,89826277.63418445,89826277.63418445
19077,0,19073,0,173221.23799726178,19077,19073,2138137.665844258,2138137.665844258
19077,0,19077,0,6376814.868672821,19077,19077,78310885.98045488,78310885.98045488
39125,0,39137,0,1404654.949619606,39125,39137,15219664.902442183,15219664.902442183
19149,0,19035,0,12655845.996500732,19149,19035,145485876.6539652,145485876.6539652
19149,0,19167,0,322767.6164089431,19149,19167,3688034.9320153925,3688034.9320153925
38037,0,38089,0,9246966.62455448,38037,38089,284682294.2843586,284682294.2843586
31025,0,48189,0,118886902.32606302,31025,48189,2057922142.9668584,2057922142.9668584
46089,0,46045,0,8681292.83428291,46089,46045,411514392.1206148,411514392.1206148
19045,0,19045,0,16195112.656754218,19045,19045,159710923.64910954,159710923.64910954
18001,0,18075,0,2564994.804187329,18001,18075,32604864.250563364,32604864.250563364
39095,0,39147,0,298677.9739328702,39095,39147,3998771.884000895,3998771.884000895
5145,0,48001,0,862012.2862876011,5145,48001,9474878.865073573,9474878.865073573
18015,0,18017,0,7852309.501248239,18015,18017,70589410.99922016,70589410.99922016
19111,0,48189,0,5191513.392117576,19111,48189,83967684.10861759,83967684.10861759
18169,0,18053,0,14632194.311132535,18169,18053,170153615.71291828,170153615.71291828
19163,0,17073,0,3702274.236854445,19163,17073,30388489.40576018,30388489.40576018
19163,0,17155,0,5043260.929690636,19163,17155,42393677.246908054,42393677.246908054
55009,0,55139,0,3785913.188506241,55009,55139,41090816.68573942,41090816.68573942
18033,0,18179,0,4294478.524912431,18033,18179,55308717.24136552,55308717.24136552
19115,0,19057,0,2691868.6116689434,19115,19057,26597384.665741287,26597384.665741287
19173,0,19145,0,6073157.675100516,19173,19145,114382573.87275384,114382573.87275384
55077,0,55055,0,2113140.1854458577,55077,55055,39300637.5015451,39300637.5015451
55077,0,55021,0,526507.5360309496,55077,55021,9680109.668808814,9680109.668808814
31021,0,31081,0,53888916.37477203,31021,31081,833980634.1471449,833980634.1471449
31021,0,31001,0,28660479.73122277,31021,31001,447701892.84189856,447701892.84189856
20157,0,20159,0,34096737.72083592,20157,20159,674508757.3740547,674508757.3740547
20157,0,20157,0,25445847.2174292,20157,20157,492001133.17196625,492001133.17196625
36043,0,36035,0,142474.03289293635,36043,36035,11999127.078399273,11999127.078399273
20201,0,20175,0,35232820.00887708,20201,20175,821307563.6454625,821307563.6454625
55043,0,19061,0,6983413.0099158045,55043,19061,69044049.16797194,69044049.16797194
31083,0,20063,0,51169550.09733164,31083,20063,840885586.4002224,840885586.4002224
19043,0,19037,0,9356694.144459872,19043,19037,102628171.30486895,102628171.30486895
55121,0,19061,0,2442459.426543687,55121,19061,29060491.434953153,29060491.434953153
55123,0,55057,0,2544662.35657853,55123,55057,30111273.598819487,30111273.598819487
42033,0,42033,0,2334206.781621677,42033,42033,171626884.24923366,171626884.24923366
39003,0,39037,0,1497048.9923776055,39003,39037,16537657.457330804,16537657.457330804
38081,0,38077,0,40316091.94110936,38081,38077,476829680.0751405,476829680.0751405
20185,0,20055,0,23271424.87893879,20185,20055,494235748.5559135,494235748.5559135
8001,0,8123,0,2729820.6582977828,8001,8123,59420277.66793769,59420277.66793769
39039,0,39101,0,5321161.497152423,39039,39101,71084487.63928711,71084487.63928711
19005,0,19037,0,4102713.72473466,19005,19037,60203377.715285,60203377.715285
55057,0,55021,0,4434980.176741843,55057,55021,61435987.76941731,61435987.76941731
21077,0,47105,0,46924.89445748684,21077,47105,719180.9804830934,719180.9804830934
19191,0,19089,0,1099140.4693397072,19191,19089,12555830.888108632,12555830.888108632
19191,0,19037,0,10501741.103991412,19191,19037,120270777.90514073,120270777.90514073
46009,0,46009,0,4758310.804162577,46009,46009,75484269.1190184,75484269.1190184
46069,0,46119,0,5546511.30601293,46069,46119,220427080.30254075,220427080.30254075
18171,0,17115,0,16317310.623422105,18171,17115,184700492.04104042,184700492.04104042
31053,0,16031,0,66194706.74201197,31053,16031,1165436133.1081908,1165436133.1081908
42031,0,42033,0,4086310.626706012,42031,42033,157156845.94281176,157156845.94281176
46083,0,46125,0,16118299.882430997,46083,46125,229495380.58158746,229495380.58158746
21151,0,47105,0,1494979.7764190405,21151,47105,56850449.23254404,56850449.23254404
55105,0,55105,0,15978777.897572257,55105,55105,174412518.4300101,174412518.4300101
55063,0,55021,0,3578866.480905244,55063,55021,33356424.338228393,33356424.338228393
18091,0,18141,0,23228481.42969,18091,18141,318648712.1957795,318648712.1957795
19061,0,19113,0,7721633.271453179,19061,19113,103057286.38648646,103057286.38648646
31029,0,31135,0,58909193.53249587,31029,31135,1071328662.9961796,1071328662.9961796
19097,0,19045,0,2908972.6027158066,19097,19045,46253025.76484776,46253025.76484776
19055,0,19113,0,20137381.355571534,19055,19113,178941639.6133394,178941639.6133394
19189,0,19197,0,1509220.741256352,19189,19197,14565660.591939706,14565660.591939706
46097,0,46079,0,1027999.6826904152,46097,46079,22291010.883260395,22291010.883260395
46097,0,46035,0,2309485.135920959,46097,46035,50277867.53174852,50277867.53174852
31089,0,31175,0,2422212.1591489175,31089,31175,38077082.1530962,38077082.1530962
31089,0,31089,0,137256407.62778372,31089,31089,2123379247.2303553,2123379247.2303553
18145,0,18135,0,3731349.9711452583,18145,18135,51139443.03596528,51139443.03596528
18145,0,18145,0,7611812.30027237,18145,18145,102282832.1029566,102282832.1029566
18075,0,18075,0,3079953.7025415488,18075,18075,39499468.6047897,39499468.6047897
19175,0,19003,0,2727428.8297321917,19175,19003,55060254.78927421,55060254.78927421
18081,0,18135,0,406347.3290836526,18081,18135,5187868.3868344175,5187868.3868344175
18081,0,21111,0,1902953.075948796,18081,21111,24300193.557220083,24300193.557220083
19093,0,19035,0,112937.09330592412,19093,19035,1190009.9743895961,1190009.9743895961
19093,0,19093,0,7397105.248294885,19093,19093,77441623.88229911,77441623.88229911
18035,0,18135,0,10898049.651839254,18035,18135,149009441.45747957,149009441.45747957
31087,0,8125,0,8273067.986731449,31087,8125,173266348.1241982,173266348.1241982
8123,0,6077,0,6268651.239323439,8123,6077,95499111.5418668,95499111.5418668
8123,0,8005,0,1783407.623174889,8123,8005,19581640.411325,19581640.411325
31055,0,6077,0,6606711.484629363,31055,6077,113993319.39698899,113993319.39698899
18049,0,18017,0,10806995.864646988,18049,18017,126113949.74643312,126113949.74643312
8075,0,8123,0,12950553.602860585,8075,8123,149493648.38900426,149493648.38900426
8125,0,4013,0,45270571.09494505,8125,4013,577326165.441592,577326165.441592
31051,0,31043,0,15575208.665924156,31051,31043,412211485.6229792,412211485.6229792
46015,0,46003,0,11045895.018410698,46015,46003,381859905.32817596,381859905.32817596
13037,0,13205,0,5693225.927748055,13037,13205,44706106.19702589,44706106.19702589
18153,0,21047,0,1207955.6633782398,18153,21047,15399541.865707159,15399541.865707159
20161,0,20175,0,13997744.275408734,20161,20175,248882931.70711717,248882931.70711717
31137,0,31099,0,2327777.68239501,31137,31099,34370328.71414511,34370328.71414511
31137,0,8125,0,28266422.930846203,31137,8125,434639843.6258832,434639843.6258832
21203,0,47105,0,1276252.4249532938,21203,47105,120371184.26444992,120371184.26444992
18109,0,18027,0,6327835.747839793,18109,18027,68018785.51647203,68018785.51647203
38077,0,38077,0,34139677.60770936,38077,38077,334934921.75240564,334934921.75240564
19129,0,48117,0,4180105.081445045,19129,48117,56476110.401991636,56476110.401991636
36117,0,36035,0,9107161.120238014,36117,36035,193159572.44467214,193159572.44467214
31033,0,6107,0,2719680.5369705018,31033,6107,65057440.43009914,65057440.43009914
19085,0,31177,0,13032971.843645988,19085,31177,141524075.115949,141524075.115949
20003,0,20003,0,24413408.787897546,20003,20003,403589494.9368742,403589494.9368742
46135,0,46125,0,6646466.367599009,46135,46125,86508765.82630451,86508765.82630451
16031,0,16031,0,486727.1537649678,16031,16031,7029087.6256634295,7029087.6256634295
8005,0,8005,0,172607.031882024,8005,8005,4362961.774203747,4362961.774203747
31027,0,31141,0,173162794.244282,31027,31141,3234520033.0077977,3234520033.0077977
18073,0,18073,0,17208259.49822113,18073,18073,175883234.06197354,175883234.06197354
8095,0,8075,0,37487055.80001449,8095,8075,411820649.21288,411820649.21288
39115,0,39031,0,117291.61137827166,39115,39031,3198754.423983367,3198754.423983367
21141,0,21047,0,18044169.099219088,21141,21047,427959936.23774725,427959936.23774725
55019,0,55139,0,2891453.7984802355,55019,55139,29432023.498025473,29432023.498025473
41059,0,41049,0,1684001.6592375855,41059,41049,14847009.0806725,14847009.0806725
18039,0,18141,0,4010161.878217369,18039,18141,46841198.29180132,46841198.29180132
20077,0,48117,0,446340.5678241647,20077,48117,14454250.979014156,14454250.979014156
4025,0,4013,0,309.9559272021689,4025,4013,5874.319307919184,5874.319307919184
